Order_ID,Distance_km,Weather,Traffic_Level,Time_of_Day,Vehicle_Type,Preparation_Time_min,Courier_Experience_yrs,Delivery_Time_min,Distancia_al_cuadrado,Distancia_x_Trafico,Distancia_x_Clima,Prep_por_km
522,7.93,Windy,Low,Afternoon,Scooter,12,1.0,43,62.884899999999995,7.93,15.86,1.4943960149439603
738,16.42,Clear,Medium,Evening,Bike,20,2.0,84,269.61640000000006,32.84,16.42,1.2106537530266341
741,9.52,Foggy,Low,Night,Scooter,28,1.0,59,90.6304,9.52,19.04,2.9106029106029108
661,7.44,Rainy,Medium,Afternoon,Scooter,5,1.0,37,55.35360000000001,14.88,22.32,0.6631299734748011
412,19.03,Clear,Low,Morning,Bike,16,5.0,68,362.14090000000004,19.03,19.03,0.8363826450601148
679,19.4,Clear,Low,Evening,Scooter,8,9.0,57,376.35999999999996,19.4,19.4,0.41025641025641024
514,17.39,Clear,Medium,Evening,Scooter,5,6.0,46,302.4121,34.78,17.39,0.2858776443682104
860,1.78,Snowy,Low,Evening,Car,20,6.0,35,3.1684,1.78,7.12,10.638297872340425
137,10.62,Foggy,Low,Evening,Scooter,29,1.0,73,112.78439999999998,10.62,21.24,2.705223880597015
812,16.86,Snowy,Medium,Afternoon,Car,13,4.0,88,284.2596,33.72,67.44,0.7665094339622641
77,15.54,Clear,Low,Night,Bike,29,1.0,76,241.49159999999998,15.54,15.54,1.854219948849105
637,10.89,Clear,High,Night,Bike,12,5.0,53,118.59210000000002,32.67,10.89,1.091901728844404
974,4.69,Rainy,Medium,Evening,Scooter,12,7.0,36,21.996100000000002,9.38,14.07,2.5052192066805845
900,2.17,Snowy,Low,Evening,Car,15,3.0,35,4.7089,2.17,8.68,6.607929515418502
281,17.86,Rainy,Low,Afternoon,Bike,5,1.0,50,318.9796,17.86,53.58,0.27839643652561247
884,2.53,Snowy,Low,Morning,Bike,6,8.0,24,6.400899999999999,2.53,10.12,2.2813688212927756
762,6.58,Foggy,Low,Evening,Car,6,7.0,27,43.2964,6.58,13.16,0.8982035928143713
320,5.38,Clear,Medium,Evening,Scooter,26,1.0,47,28.944399999999998,10.76,5.38,4.744525547445256
550,15.56,Rainy,Low,Afternoon,Scooter,28,0.0,72,242.11360000000002,15.56,46.68,1.7879948914431674
175,13.08,Rainy,Low,Morning,Car,16,4.0,58,171.0864,13.08,39.24,1.2139605462822458
372,0.86,Clear,High,Afternoon,Bike,26,5.0,37,0.7395999999999999,2.58,0.86,27.083333333333336
528,5.83,Clear,High,Evening,Car,27,9.0,56,33.9889,17.490000000000002,5.83,4.5531197301854975
236,14.59,Clear,Medium,Morning,Bike,15,6.0,64,212.8681,29.18,14.59,1.0211027910142956
102,12.91,Windy,Medium,Evening,Bike,11,6.0,56,166.6681,25.82,25.82,0.8455034588777863
987,13.92,Snowy,Low,Morning,Scooter,18,4.0,70,193.7664,13.92,55.68,1.2838801711840229
903,4.04,Snowy,Low,Night,Bike,11,9.0,70,16.3216,4.04,16.16,2.6570048309178746
948,18.05,Clear,Medium,Evening,Scooter,10,7.0,123,325.8025,36.1,18.05,0.5509641873278236
347,12.88,Clear,Medium,Morning,Scooter,8,5.0,52,165.89440000000002,25.76,12.88,0.6163328197226502
140,19.45,Rainy,High,Morning,Scooter,20,6.0,108,378.30249999999995,58.349999999999994,58.349999999999994,1.0230179028132993
622,4.58,Clear,High,Morning,Scooter,22,9.0,45,20.9764,13.74,4.58,4.700854700854701
500,19.73,Foggy,Medium,Evening,Bike,27,4.0,111,389.2729,39.46,39.46,1.361573373676248
371,2.47,Windy,Medium,Morning,Bike,27,2.0,44,6.100900000000001,4.94,4.94,10.505836575875485
199,17.8,Snowy,Medium,Morning,Bike,16,9.0,73,316.84000000000003,35.6,71.2,0.8938547486033519
688,5.96,Clear,Medium,Afternoon,Bike,22,7.0,45,35.5216,11.92,5.96,3.6303630363036308
585,12.85,Windy,Medium,Afternoon,Scooter,18,7.0,61,165.1225,25.7,25.7,1.38996138996139
902,1.02,Clear,Medium,Afternoon,Bike,25,4.0,34,1.0404,2.04,1.02,22.32142857142857
60,6.84,Rainy,Medium,Night,Car,14,8.0,47,46.785599999999995,13.68,20.52,2.017291066282421
329,8.68,Rainy,Medium,Morning,Bike,8,5.0,52,75.3424,17.36,26.04,0.9111617312072894
97,10.69,Clear,Medium,Night,Bike,25,9.0,67,114.27609999999999,21.38,10.69,2.3169601482854496
975,1.11,Clear,Low,Morning,Bike,5,6.0,8,1.2321000000000002,1.11,1.11,4.132231404958677
300,2.16,Snowy,Low,Evening,Scooter,15,0.0,36,4.6656,2.16,8.64,6.63716814159292
278,13.17,Windy,Medium,Afternoon,Bike,16,4.0,67,173.4489,26.34,26.34,1.2057272042200453
925,8.79,Snowy,Low,Night,Bike,14,6.0,43,77.26409999999998,8.79,35.16,1.5748031496062995
602,5.93,Clear,Low,Afternoon,Scooter,19,3.0,36,35.164899999999996,5.93,5.93,3.150912106135987
440,2.09,Rainy,Low,Night,Bike,23,2.0,36,4.368099999999999,2.09,6.27,10.502283105022832
838,7.57,Clear,Low,Morning,Bike,21,0.0,56,57.3049,7.57,7.57,2.7379400260756195
571,10.52,Rainy,Medium,Afternoon,Scooter,8,4.0,56,110.67039999999999,21.04,31.56,0.7532956685499059
880,4.83,Rainy,Low,Morning,Car,25,9.0,47,23.3289,4.83,14.49,5.070993914807302
262,19.81,Snowy,Medium,Afternoon,Car,20,5.0,104,392.43609999999995,39.62,79.24,1.0045203415369162
579,10.1,Rainy,Low,Evening,Car,8,4.0,50,102.00999999999999,10.1,30.299999999999997,0.7843137254901962
24,7.64,Windy,Low,Afternoon,Car,10,8.0,31,58.3696,7.64,15.28,1.2919896640826876
31,12.35,Clear,Low,Morning,Scooter,10,6.0,35,152.52249999999998,12.35,12.35,0.8032128514056225
618,5.9,Rainy,Low,Evening,Car,26,9.0,44,34.81,5.9,17.700000000000003,4.333333333333333
11,0.9,Clear,Low,Afternoon,Bike,20,8.0,23,0.81,0.9,0.9,20.0
222,11.58,Clear,Medium,Morning,Scooter,16,2.0,61,134.0964,23.16,11.58,1.36986301369863
821,16.16,Clear,High,Afternoon,Bike,11,1.0,82,261.1456,48.480000000000004,16.16,0.6765067650676506
297,15.51,Clear,Low,Evening,Bike,17,9.0,69,240.5601,15.51,15.51,1.0890454836643177
55,12.16,Windy,High,Evening,Scooter,11,0.0,69,147.8656,36.480000000000004,24.32,0.8972267536704731
543,4.96,Rainy,High,Morning,Bike,21,0.0,60,24.6016,14.879999999999999,14.879999999999999,4.150197628458498
210,3.64,Windy,High,Evening,Bike,17,6.0,40,13.249600000000001,10.92,7.28,4.545454545454545
605,2.85,Clear,Low,Morning,Scooter,26,0.0,38,8.1225,2.85,2.85,8.813559322033898
693,10.4,Clear,Low,Evening,Bike,16,4.0,52,108.16000000000001,10.4,10.4,1.5238095238095237
663,12.31,Windy,Low,Morning,Bike,29,4.0,68,151.5361,12.31,24.62,2.3368251410153102
867,3.53,Clear,Medium,Afternoon,Bike,13,7.0,31,12.460899999999999,7.06,3.53,3.581267217630854
71,15.56,Clear,Medium,Evening,Bike,14,3.0,54,242.11360000000002,31.12,15.56,0.8939974457215837
544,13.6,Clear,Medium,Afternoon,Bike,27,0.0,87,184.95999999999998,27.2,13.6,1.9708029197080292
108,15.23,Snowy,High,Morning,Bike,5,0.0,62,231.9529,45.69,60.92,0.32615786040443573
591,3.21,Rainy,High,Night,Scooter,16,0.0,42,10.3041,9.629999999999999,9.629999999999999,4.833836858006042
742,6.38,Snowy,Low,Evening,Bike,16,1.0,111,40.7044,6.38,25.52,2.469135802469136
293,16.54,Rainy,Low,Afternoon,Scooter,6,7.0,51,273.5716,16.54,49.62,0.3605769230769231
290,12.02,Clear,Low,Morning,Car,9,7.0,41,144.4804,12.02,12.02,0.7425742574257426
653,11.94,Clear,Low,Evening,Bike,20,3.0,69,142.56359999999998,11.94,11.94,1.6611295681063125
40,9.08,Clear,Low,Afternoon,Scooter,14,5.0,49,82.4464,9.08,9.08,1.5250544662309369
590,3.46,Snowy,Medium,Morning,Scooter,23,3.0,48,11.9716,6.92,13.84,6.46067415730337
308,6.8,Foggy,Medium,Morning,Scooter,13,7.0,46,46.239999999999995,13.6,13.6,1.884057971014493
680,17.38,Rainy,Medium,Afternoon,Scooter,11,2.0,92,302.0644,34.76,52.14,0.6292906178489702
67,3.25,Clear,Low,Morning,Bike,23,7.0,32,10.5625,3.25,3.25,6.865671641791044
276,10.28,Clear,Medium,Evening,Scooter,29,3.0,71,105.67839999999998,20.56,10.28,2.7938342967244703
68,16.14,Clear,Low,Night,Car,6,9.0,65,260.49960000000004,16.14,16.14,0.36945812807881767
319,3.55,Clear,Medium,Evening,Bike,23,0.0,43,12.6025,7.1,3.55,6.301369863013699
999,19.03,Clear,Low,Afternoon,Car,26,5.0,68,362.14090000000004,19.03,19.03,1.3591217982226866
715,7.3,Clear,Low,Night,Scooter,14,7.0,28,53.29,7.3,7.3,1.891891891891892
754,7.03,Clear,Low,Evening,Scooter,21,1.0,44,49.4209,7.03,7.03,2.9453015427769986
328,12.43,Snowy,Low,Afternoon,Car,12,0.0,70,154.5049,12.43,49.72,0.9577015163607343
452,11.39,Rainy,High,Evening,Scooter,14,1.0,72,129.7321,34.17,34.17,1.2184508268059182
523,19.41,Clear,Low,Morning,Car,7,3.0,48,376.7481,19.41,19.41,0.3587903639159405
219,13.17,Rainy,High,Evening,Scooter,17,8.0,69,173.4489,39.51,39.51,1.281085154483798
788,8.32,Rainy,Low,Afternoon,Car,12,2.0,49,69.22240000000001,8.32,24.96,1.4251781472684086
765,1.15,Clear,Low,Afternoon,Scooter,26,4.0,30,1.3224999999999998,1.15,1.15,20.8
89,17.8,Windy,High,Afternoon,Car,12,9.0,73,316.84000000000003,53.400000000000006,35.6,0.6703910614525139
64,7.46,Clear,Medium,Evening,Bike,8,5.0,42,55.6516,14.92,7.46,1.0582010582010584
827,7.25,Clear,Medium,Afternoon,Scooter,18,4.0,45,52.5625,14.5,7.25,2.4489795918367347
717,16.7,Clear,Medium,Afternoon,Scooter,28,1.0,76,278.89,33.4,16.7,1.6666666666666665
352,17.2,Rainy,High,Afternoon,Scooter,14,2.0,94,295.84,51.599999999999994,51.599999999999994,0.8092485549132947
937,0.86,Clear,Medium,Afternoon,Car,21,7.0,28,0.7395999999999999,1.72,0.86,21.875
257,18.76,Clear,Medium,Evening,Car,15,2.0,80,351.93760000000003,37.52,18.76,0.7953340402969246
636,9.22,Clear,Medium,Afternoon,Car,18,9.0,57,85.00840000000001,18.44,9.22,1.9313304721030042
645,2.84,Clear,Low,Evening,Scooter,24,2.0,35,8.0656,2.84,2.84,8.16326530612245
555,17.59,Clear,Low,Morning,Bike,24,6.0,69,309.4081,17.59,17.59,1.3566986998304125
960,14.89,Snowy,High,Morning,Scooter,17,6.0,87,221.71210000000002,44.67,59.56,1.134089392928619
169,1.3,Clear,Medium,Evening,Bike,22,4.0,31,1.6900000000000002,2.6,1.3,15.714285714285714
918,18.99,Rainy,High,Afternoon,Bike,10,6.0,70,360.6200999999999,56.97,56.97,0.5238344683080147
824,8.26,Snowy,Low,Afternoon,Bike,15,1.0,57,68.2276,8.26,33.04,1.7942583732057418
986,10.16,Clear,High,Night,Bike,12,5.0,52,103.2256,30.48,10.16,1.1695906432748537
87,14.73,Rainy,Low,Afternoon,Bike,24,6.0,74,216.9729,14.73,44.19,1.6183412002697235
433,12.56,Clear,High,Evening,Bike,17,5.0,69,157.7536,37.68,12.56,1.3428120063191153
185,5.53,Clear,Medium,Afternoon,Bike,19,1.0,44,30.580900000000003,11.06,5.53,3.374777975133215
979,10.18,Foggy,Medium,Morning,Bike,25,3.0,73,103.63239999999999,20.36,20.36,2.4319066147859925
535,15.5,Clear,Medium,Morning,Scooter,28,9.0,91,240.25,31.0,15.5,1.794871794871795
893,16.69,Foggy,Medium,Evening,Scooter,8,2.0,65,278.5561,33.38,33.38,0.4764740917212626
426,11.22,Windy,High,Evening,Bike,25,5.0,79,125.88840000000002,33.660000000000004,22.44,2.208480565371025
714,8.53,Clear,Low,Evening,Scooter,8,2.0,41,72.76089999999999,8.53,8.53,0.9269988412514485
261,12.49,Clear,Medium,Morning,Bike,25,4.0,77,156.0001,24.98,12.49,1.9857029388403495
238,0.97,Clear,Low,Night,Scooter,24,8.0,26,0.9409,0.97,0.97,22.429906542056074
560,12.6,Windy,Medium,Afternoon,Car,8,6.0,58,158.76,25.2,25.2,0.6299212598425197
584,6.91,Clear,Medium,Evening,Scooter,28,9.0,56,47.7481,13.82,6.91,3.994293865905849
446,18.97,Clear,Low,Evening,Car,25,4.0,141,359.86089999999996,18.97,18.97,1.3109596224436286
801,14.29,Windy,Medium,Morning,Bike,14,7.0,78,204.20409999999998,28.58,28.58,0.9728978457261989
600,1.3,Foggy,Low,Evening,Bike,19,5.0,29,1.6900000000000002,1.3,2.6,13.57142857142857
850,12.11,Rainy,Low,Morning,Bike,9,5.0,59,146.6521,12.11,36.33,0.7371007371007372
266,14.94,Clear,Medium,Morning,Bike,11,0.0,62,223.2036,29.88,14.94,0.7313829787234043
996,2.29,Rainy,High,Afternoon,Car,8,8.0,80,5.2441,6.87,6.87,3.3472803347280333
530,17.36,Rainy,High,Afternoon,Bike,24,1.0,105,301.3696,52.08,52.08,1.3745704467353952
56,18.48,Clear,Medium,Night,Bike,8,0.0,82,341.5104,36.96,18.48,0.4305705059203444
121,16.25,Foggy,High,Morning,Bike,10,5.0,91,264.0625,48.75,32.5,0.6116207951070336
216,5.13,Clear,Low,Morning,Car,15,4.0,30,26.3169,5.13,5.13,2.868068833652008
73,0.61,Clear,Low,Afternoon,Scooter,10,0.0,16,0.3721,0.61,0.61,14.084507042253522
45,5.55,Foggy,High,Evening,Bike,18,1.0,116,30.8025,16.65,11.1,3.1858407079646023
722,4.03,Clear,Medium,Evening,Bike,9,5.0,25,16.240900000000003,8.06,4.03,2.179176755447942
282,7.09,Snowy,Low,Morning,Scooter,13,8.0,37,50.2681,7.09,28.36,1.808066759388039
894,8.25,Clear,Medium,Afternoon,Bike,7,9.0,28,68.0625,16.5,8.25,0.8383233532934132
915,11.26,Clear,Low,Night,Bike,5,6.0,49,126.7876,11.26,11.26,0.44014084507042256
811,19.7,Rainy,Low,Evening,Bike,10,2.0,60,388.09,19.7,59.099999999999994,0.5050505050505051
245,0.8,Snowy,High,Evening,Bike,14,9.0,36,0.6400000000000001,2.4000000000000004,3.2,15.555555555555555
823,7.0,Rainy,Medium,Evening,Bike,17,9.0,49,49.0,14.0,21.0,2.3943661971830985
322,14.43,Clear,Medium,Morning,Car,14,4.0,113,208.2249,28.86,14.43,0.9635237439779767
644,6.89,Rainy,Medium,Afternoon,Bike,11,6.0,43,47.4721,13.78,20.669999999999998,1.5736766809728184
159,5.13,Foggy,Medium,Evening,Car,25,1.0,60,26.3169,10.26,10.26,4.780114722753346
978,1.5,Clear,Low,Afternoon,Bike,10,1.0,17,2.25,1.5,1.5,6.25
942,11.31,Clear,Medium,Evening,Bike,7,0.0,54,127.91610000000001,22.62,11.31,0.6134969325153374
463,15.05,Clear,Medium,Evening,Car,12,2.0,66,226.50250000000003,30.1,15.05,0.792079207920792
310,5.78,Foggy,Low,Afternoon,Scooter,9,9.0,33,33.4084,5.78,11.56,1.530612244897959
698,11.83,Clear,Low,Evening,Scooter,9,7.0,32,139.9489,11.83,11.83,0.7544006705783739
61,8.08,Foggy,Low,Morning,Bike,25,2.0,61,65.2864,8.08,16.16,3.056234718826406
885,16.1,Clear,Low,Evening,Bike,25,0.0,64,259.21000000000004,16.1,16.1,1.5432098765432096
596,9.74,Rainy,Medium,Evening,Scooter,7,8.0,37,94.86760000000001,19.48,29.22,0.7113821138211383
768,17.6,Clear,Low,Afternoon,Bike,27,3.0,69,309.76000000000005,17.6,17.6,1.525423728813559
650,10.22,Snowy,Medium,Night,Bike,18,1.0,68,104.4484,20.44,40.88,1.744186046511628
651,2.19,Clear,Low,Evening,Bike,26,3.0,32,4.7961,2.19,2.19,11.353711790393012
866,11.41,Windy,Medium,Afternoon,Scooter,17,4.0,68,130.1881,22.82,22.82,1.476976542137272
669,4.14,Clear,Medium,Morning,Scooter,14,2.0,30,17.139599999999998,8.28,4.14,3.3018867924528306
299,12.65,Rainy,Low,Afternoon,Bike,18,8.0,60,160.0225,12.65,37.95,1.411764705882353
311,9.06,Clear,Medium,Evening,Bike,23,4.0,47,82.0836,18.12,9.06,2.5109170305676853
362,13.04,Clear,Medium,Morning,Scooter,20,6.0,65,170.0416,26.08,13.04,1.5220700152207003
480,10.7,Clear,Medium,Afternoon,Scooter,8,5.0,44,114.48999999999998,21.4,10.7,0.7407407407407408
111,6.15,Foggy,Low,Evening,Scooter,26,5.0,48,37.822500000000005,6.15,12.3,4.16
990,16.47,Snowy,High,Evening,Scooter,20,9.0,75,271.26089999999994,49.41,65.88,1.2070006035003018
487,1.39,Clear,Medium,Afternoon,Bike,15,4.0,24,1.9320999999999997,2.78,1.39,10.06711409395973
364,11.14,Rainy,Medium,Morning,Scooter,7,3.0,47,124.09960000000001,22.28,33.42,0.6227758007117438
255,3.81,Rainy,High,Afternoon,Bike,5,6.0,31,14.5161,11.43,11.43,1.278772378516624
260,2.39,Rainy,Medium,Evening,Bike,27,7.0,43,5.7121,4.78,7.17,10.843373493975903
803,11.74,Clear,High,Evening,Car,6,3.0,54,137.82760000000002,35.22,11.74,0.5067567567567568
495,9.54,Rainy,Medium,Evening,Scooter,11,5.0,47,91.01159999999999,19.08,28.619999999999997,1.141078838174274
671,3.88,Clear,Medium,Morning,Bike,16,2.0,35,15.0544,7.76,3.88,4.0201005025125625
378,0.95,Rainy,Medium,Morning,Car,27,0.0,44,0.9025,1.9,2.8499999999999996,25.71428571428571
527,8.59,Clear,Low,Night,Scooter,17,8.0,36,73.7881,8.59,8.59,1.9562715765247412
846,8.59,Clear,Low,Evening,Bike,22,2.0,43,73.7881,8.59,8.59,2.5316455696202533
356,13.03,Foggy,Low,Morning,Scooter,9,1.0,50,169.78089999999997,13.03,26.06,0.6854531607006855
366,8.03,Clear,Low,Evening,Scooter,14,8.0,42,64.48089999999999,8.03,8.03,1.722017220172202
943,13.2,Snowy,Low,Morning,Car,14,3.0,62,174.23999999999998,13.2,52.8,1.0526315789473686
750,12.67,Clear,Medium,Evening,Car,10,3.0,65,160.5289,25.34,12.67,0.7830853563038371
830,9.32,Clear,Low,Morning,Scooter,6,5.0,30,86.86240000000001,9.32,9.32,0.6369426751592356
657,6.03,Rainy,High,Afternoon,Car,8,6.0,46,36.3609,18.09,18.09,1.3050570962479608
200,15.71,Clear,Low,Afternoon,Scooter,28,5.0,69,246.80410000000003,15.71,15.71,1.7710309930423782
214,4.87,Snowy,High,Evening,Bike,16,7.0,54,23.716900000000003,14.61,19.48,3.2193158953722336
409,18.15,Rainy,High,Morning,Bike,22,7.0,108,329.42249999999996,54.449999999999996,54.449999999999996,1.2054794520547945
333,0.78,Clear,Medium,Morning,Bike,6,1.0,17,0.6084,1.56,0.78,6.818181818181818
209,0.6,Clear,Low,Afternoon,Bike,26,3.0,30,0.36,0.6,0.6,37.142857142857146
614,2.09,Clear,Medium,Evening,Bike,5,5.0,16,4.368099999999999,4.18,2.09,2.2831050228310503
30,1.41,Foggy,Medium,Evening,Bike,15,0.0,72,1.9880999999999998,2.82,2.82,9.933774834437086
536,18.92,Clear,High,Morning,Scooter,27,4.0,100,357.9664000000001,56.760000000000005,18.92,1.419558359621451
696,12.41,Clear,Medium,Morning,Car,10,1.0,51,154.0081,24.82,12.41,0.7993605115907274
837,18.34,Clear,High,Night,Bike,9,4.0,92,336.3556,55.019999999999996,18.34,0.4880694143167028
597,13.52,Clear,Low,Morning,Scooter,27,1.0,82,182.79039999999998,13.52,13.52,1.9823788546255507
166,16.79,Foggy,High,Afternoon,Bike,24,6.0,85,281.90409999999997,50.37,33.58,1.4209591474245116
919,15.39,Clear,Medium,Evening,Scooter,24,5.0,89,236.8521,30.78,15.39,1.5493867010974822
496,7.39,Rainy,Medium,Morning,Scooter,25,6.0,60,54.6121,14.78,22.169999999999998,3.337783711615488
825,10.98,Rainy,Low,Morning,Scooter,10,6.0,55,120.56040000000002,10.98,32.94,0.9025270758122743
66,11.08,Snowy,Medium,Morning,Bike,9,0.0,57,122.7664,22.16,44.32,0.8050089445438283
142,5.41,Clear,Medium,Night,Bike,14,5.0,36,29.2681,10.82,5.41,2.540834845735027
926,0.94,Clear,High,Morning,Bike,9,6.0,21,0.8835999999999999,2.82,0.94,8.653846153846153
828,7.27,Windy,Low,Afternoon,Bike,10,5.0,35,52.85289999999999,7.27,14.54,1.3568521031207599
656,2.99,Windy,Medium,Morning,Bike,27,5.0,41,8.940100000000001,5.98,5.98,8.737864077669903
332,15.28,Snowy,Low,Evening,Bike,16,5.0,72,233.4784,15.28,61.12,1.0403120936280885
665,2.48,Windy,Medium,Afternoon,Car,14,6.0,27,6.1504,4.96,4.96,5.426356589147287
250,17.13,Rainy,Low,Evening,Car,19,1.0,71,293.4369,17.13,51.39,1.1027278003482297
908,7.17,Clear,Low,Afternoon,Bike,15,7.0,32,51.408899999999996,7.17,7.17,2.063273727647868
709,5.47,Rainy,Low,Morning,Car,21,6.0,38,29.920899999999996,5.47,16.41,3.770197486535009
306,19.53,Foggy,Low,Afternoon,Bike,11,6.0,87,381.4209,19.53,39.06,0.5603667855323484
735,7.5,Clear,High,Morning,Bike,29,1.0,66,56.25,22.5,7.5,3.8157894736842106
976,5.61,Windy,Low,Night,Bike,25,9.0,48,31.472100000000005,5.61,11.22,4.378283712784588
50,4.1,Clear,Low,Morning,Bike,21,3.0,37,16.81,4.1,4.1,5.000000000000001
897,6.22,Rainy,Medium,Morning,Bike,15,0.0,49,38.688399999999994,12.44,18.66,2.3734177215189876
545,12.55,Windy,Low,Evening,Bike,13,8.0,51,157.50250000000003,12.55,25.1,1.0276679841897234
351,10.31,Foggy,Medium,Morning,Scooter,19,5.0,62,106.29610000000001,20.62,20.62,1.8251681075888568
905,8.72,Snowy,Medium,Evening,Car,18,7.0,64,76.03840000000001,17.44,34.88,2.0408163265306123
537,17.07,Clear,Medium,Morning,Bike,20,6.0,73,291.3849,34.14,17.07,1.1648223645894
482,14.07,Clear,High,Afternoon,Bike,5,8.0,67,197.9649,42.21,14.07,0.35285815102328866
576,19.02,Clear,Medium,Afternoon,Bike,29,9.0,87,361.7604,38.04,19.02,1.51673640167364
34,19.0,Clear,High,Morning,Car,28,3.0,96,361.0,57.0,19.0,1.4659685863874345
32,3.83,Rainy,Medium,Afternoon,Bike,12,9.0,30,14.6689,7.66,11.49,3.0534351145038165
232,10.3,Clear,Low,Evening,Scooter,19,8.0,48,106.09000000000002,10.3,10.3,1.8269230769230769
964,8.09,Clear,High,Afternoon,Scooter,15,4.0,51,65.4481,24.27,8.09,1.8315018315018317
193,18.06,Clear,Medium,Night,Bike,9,8.0,52,326.1636,36.12,18.06,0.4955947136563877
334,2.76,Windy,Medium,Morning,Scooter,8,5.0,22,7.617599999999999,5.52,5.52,2.7972027972027975
4,12.17,Snowy,Low,Evening,Bike,20,8.0,68,148.1089,12.17,48.68,1.6299918500407498
205,12.33,Clear,Medium,Evening,Bike,22,9.0,75,152.0289,24.66,12.33,1.7699115044247788
515,1.38,Clear,Medium,Evening,Scooter,5,8.0,13,1.9043999999999996,2.76,1.38,3.3783783783783785
800,18.49,Clear,Low,Afternoon,Scooter,14,6.0,71,341.88009999999997,18.49,18.49,0.7530930607853685
307,10.57,Snowy,Low,Afternoon,Bike,28,9.0,59,111.7249,10.57,42.28,2.624179943767573
110,2.0,Clear,High,Evening,Scooter,10,2.0,30,4.0,6.0,2.0,4.761904761904762
431,3.29,Clear,Medium,Afternoon,Scooter,17,4.0,32,10.8241,6.58,3.29,5.014749262536873
78,1.94,Rainy,Medium,Morning,Bike,16,0.0,35,3.7636,3.88,5.82,7.8431372549019605
287,9.58,Clear,High,Afternoon,Car,26,8.0,60,91.7764,28.740000000000002,9.58,2.6859504132231407
83,6.95,Clear,Medium,Morning,Scooter,25,2.0,58,48.3025,13.9,6.95,3.546099290780142
992,14.05,Clear,High,Morning,Scooter,19,0.0,72,197.40250000000003,42.150000000000006,14.05,1.342756183745583
790,18.97,Rainy,High,Night,Bike,20,8.0,108,359.86089999999996,56.91,56.91,1.048767697954903
895,13.53,Rainy,Low,Evening,Bike,28,8.0,78,183.06089999999998,13.53,40.589999999999996,2.054292002934703
399,15.14,Rainy,Medium,Morning,Bike,8,6.0,66,229.2196,30.28,45.42,0.5249343832020997
324,5.96,Clear,Low,Afternoon,Bike,26,6.0,48,35.5216,5.96,5.96,4.29042904290429
520,3.43,Windy,Medium,Morning,Bike,7,6.0,23,11.7649,6.86,6.86,1.9830028328611897
923,17.94,Rainy,High,Evening,Scooter,22,6.0,85,321.84360000000004,53.82000000000001,53.82000000000001,1.219512195121951
6,3.54,Rainy,Medium,Evening,Bike,10,5.0,32,12.531600000000001,7.08,10.620000000000001,2.7472527472527473
466,7.81,Clear,Low,Evening,Bike,11,4.0,42,60.99609999999999,7.81,7.81,1.390644753476612
267,14.09,Clear,Medium,Afternoon,Scooter,12,3.0,55,198.5281,28.18,14.09,0.8456659619450317
358,11.92,Clear,Low,Afternoon,Scooter,14,4.0,46,142.0864,11.92,11.92,1.1647254575707155
869,17.3,Clear,Low,Evening,Scooter,9,0.0,67,299.29,17.3,17.3,0.5172413793103448
799,14.08,Clear,High,Morning,Bike,28,6.0,66,198.2464,42.24,14.08,1.9746121297602257
381,2.8,Clear,High,Afternoon,Bike,28,1.0,50,7.839999999999999,8.399999999999999,2.8,9.655172413793103
382,14.09,Clear,High,Afternoon,Bike,12,6.0,67,198.5281,42.269999999999996,14.09,0.8456659619450317
491,9.39,Clear,Low,Morning,Bike,14,2.0,37,88.17210000000001,9.39,9.39,1.4752370916754478
901,4.55,Rainy,Low,Afternoon,Bike,5,6.0,21,20.702499999999997,4.55,13.649999999999999,1.0752688172043012
251,6.24,Snowy,Low,Afternoon,Bike,20,4.0,51,38.9376,6.24,24.96,3.1545741324921135
524,16.92,Clear,Low,Morning,Scooter,29,0.0,70,286.28640000000007,16.92,16.92,1.7038777908343123
10,14.31,Clear,Medium,Morning,Bike,9,8.0,47,204.7761,28.62,14.31,0.6245662734212353
604,2.23,Clear,Low,Morning,Bike,7,6.0,14,4.9729,2.23,2.23,3.004291845493562
82,12.65,Clear,Low,Evening,Bike,15,4.0,66,160.0225,12.65,12.65,1.1764705882352942
784,7.24,Rainy,Medium,Evening,Bike,28,6.0,65,52.4176,14.48,21.72,3.8147138964577656
588,3.01,Clear,Medium,Evening,Bike,14,4.0,26,9.060099999999998,6.02,3.01,4.501607717041801
240,3.95,Clear,Low,Afternoon,Bike,13,5.0,25,15.602500000000001,3.95,3.95,3.2098765432098766
291,1.09,Clear,Medium,Morning,Scooter,6,2.0,17,1.1881000000000002,2.18,1.09,5.042016806722688
212,13.99,Clear,High,Evening,Scooter,7,3.0,96,195.7201,41.97,13.99,0.49680624556423
718,19.32,Rainy,High,Morning,Car,21,7.0,112,373.2624,57.96,57.96,1.0813594232749741
360,11.72,Rainy,Low,Evening,Bike,11,9.0,42,137.35840000000002,11.72,35.160000000000004,0.9306260575296108
450,2.13,Rainy,Low,Morning,Scooter,9,2.0,22,4.536899999999999,2.13,6.39,4.0358744394618835
228,8.17,Clear,Medium,Afternoon,Scooter,20,9.0,44,66.74889999999999,16.34,8.17,2.418379685610641
951,12.21,Clear,High,Morning,Bike,9,4.0,57,149.08410000000003,36.63,12.21,0.7311129163281884
947,3.17,Clear,Medium,Evening,Scooter,17,6.0,33,10.0489,6.34,3.17,5.198776758409786
797,18.68,Snowy,Low,Afternoon,Bike,11,8.0,62,348.94239999999996,18.68,74.72,0.5857294994675186
502,10.95,Clear,Medium,Evening,Scooter,24,4.0,55,119.90249999999999,21.9,10.95,2.1719457013574663
465,19.26,Windy,Medium,Morning,Scooter,21,6.0,67,370.9476000000001,38.52,38.52,1.0847107438016528
469,4.86,Foggy,Medium,Evening,Car,25,4.0,52,23.619600000000002,9.72,9.72,5.040322580645161
936,5.81,Foggy,Low,Afternoon,Bike,25,8.0,51,33.756099999999996,5.81,11.62,4.230118443316413
429,7.34,Rainy,Low,Evening,Bike,22,8.0,47,53.8756,7.34,22.02,2.956989247311828
8,17.39,Foggy,Medium,Morning,Bike,25,4.0,100,302.4121,34.78,34.78,1.4293882218410519
156,5.22,Snowy,Low,Evening,Bike,11,9.0,40,27.248399999999997,5.22,20.88,2.067669172932331
542,12.32,Clear,Medium,Evening,Scooter,17,4.0,71,151.7824,24.64,12.32,1.3687600644122384
441,2.15,Windy,Medium,Afternoon,Car,17,6.0,30,4.6225,4.3,4.3,7.555555555555555
483,9.36,Rainy,High,Morning,Scooter,17,2.0,65,87.60959999999999,28.08,28.08,1.7970401691331925
423,2.28,Clear,Medium,Evening,Scooter,27,9.0,39,5.1983999999999995,4.56,2.28,11.344537815126051
779,14.54,Clear,Medium,Evening,Bike,29,2.0,73,211.41159999999996,29.08,14.54,1.9808743169398908
950,12.15,Clear,High,Morning,Car,12,6.0,63,147.6225,36.45,12.15,0.9795918367346939
335,1.4,Windy,Low,Evening,Bike,9,9.0,17,1.9599999999999997,1.4,2.8,6.0
935,3.85,Rainy,Medium,Afternoon,Bike,26,3.0,46,14.822500000000002,7.7,11.55,6.582278481012658
595,17.99,Snowy,Low,Afternoon,Bike,15,3.0,63,323.64009999999996,17.99,71.96,0.8291873963515755
531,16.35,Clear,Medium,Morning,Bike,16,0.0,66,267.32250000000005,32.7,16.35,0.9726443768996959
582,19.61,Clear,High,Evening,Bike,8,6.0,72,384.5521,58.83,19.61,0.4058853373921867
708,16.29,Clear,Low,Morning,Bike,20,1.0,72,265.36409999999995,16.29,16.29,1.2202562538133008
449,7.84,Windy,Low,Afternoon,Bike,6,4.0,28,61.465599999999995,7.84,15.68,0.7556675062972292
454,18.17,Rainy,Low,Afternoon,Car,13,0.0,71,330.1489000000001,18.17,54.510000000000005,0.7115489874110562
353,13.34,Clear,Medium,Night,Bike,20,6.0,53,177.9556,26.68,13.34,1.4880952380952381
729,4.43,Foggy,Low,Morning,Scooter,10,1.0,63,19.624899999999997,4.43,8.86,2.207505518763797
80,2.76,Windy,Medium,Night,Bike,6,2.0,27,7.617599999999999,5.52,5.52,2.097902097902098
149,1.5,Foggy,Medium,Evening,Scooter,15,4.0,32,2.25,3.0,3.0,9.375
303,11.04,Clear,Medium,Afternoon,Scooter,8,2.0,54,121.88159999999998,22.08,11.04,0.7181328545780971
507,18.26,Rainy,High,Night,Scooter,28,7.0,93,333.42760000000004,54.78,54.78,1.5250544662309367
343,3.88,Foggy,Low,Evening,Car,27,9.0,42,15.0544,3.88,7.76,6.78391959798995
486,18.07,Clear,High,Afternoon,Scooter,5,2.0,67,326.5249,54.21,18.07,0.275178866263071
712,12.11,Clear,Medium,Evening,Bike,28,0.0,75,146.6521,24.22,12.11,2.2932022932022935
134,7.08,Clear,Medium,Afternoon,Scooter,5,8.0,27,50.126400000000004,14.16,7.08,0.6963788300835655
704,3.12,Rainy,Low,Evening,Scooter,14,5.0,28,9.7344,3.12,9.36,4.3478260869565215
312,2.03,Foggy,High,Evening,Car,14,4.0,36,4.120899999999999,6.09,4.06,6.572769953051644
630,5.42,Clear,Low,Evening,Scooter,11,9.0,26,29.3764,5.42,5.42,1.992753623188406
1,7.8,Clear,Low,Evening,Scooter,23,5.0,52,60.839999999999996,7.8,7.8,2.9113924050632916
317,8.47,Rainy,Low,Afternoon,Scooter,19,0.0,48,71.74090000000001,8.47,25.410000000000004,2.2170361726954493
707,6.79,Rainy,Low,Evening,Scooter,16,1.0,39,46.1041,6.79,20.37,2.3222060957910013
548,13.6,Rainy,Medium,Afternoon,Scooter,23,6.0,83,184.95999999999998,27.2,40.8,1.6788321167883213
873,13.06,Rainy,High,Morning,Bike,17,8.0,59,170.5636,39.18,39.18,1.2917933130699089
533,19.93,Snowy,Low,Afternoon,Bike,6,6.0,59,397.2049,19.93,79.72,0.29955067398901647
478,11.3,Snowy,Medium,Afternoon,Bike,15,8.0,70,127.69000000000001,22.6,45.2,1.3157894736842104
405,6.74,Rainy,Medium,Evening,Car,21,9.0,47,45.427600000000005,13.48,20.22,3.0701754385964914
173,10.49,Rainy,Low,Morning,Bike,28,9.0,66,110.04010000000001,10.49,31.47,2.644003777148253
395,7.15,Clear,High,Night,Car,29,7.0,60,51.1225,21.450000000000003,7.15,4.0
421,15.94,Clear,Low,Evening,Bike,24,2.0,77,254.0836,15.94,15.94,1.4962593516209477
553,11.26,Foggy,High,Afternoon,Bike,14,2.0,70,126.7876,33.78,22.52,1.2323943661971832
904,11.87,Clear,Medium,Morning,Bike,10,6.0,43,140.8969,23.74,11.87,0.8354218880534671
91,2.83,Windy,Medium,Afternoon,Scooter,14,6.0,28,8.0089,5.66,5.66,4.778156996587031
940,11.74,Clear,Low,Afternoon,Car,20,1.0,52,137.82760000000002,11.74,11.74,1.6891891891891893
182,2.71,Clear,Low,Morning,Scooter,6,1.0,20,7.3441,2.71,2.71,2.1352313167259784
275,10.47,Clear,High,Evening,Scooter,14,7.0,55,109.62090000000002,31.410000000000004,10.47,1.324503311258278
896,4.5,Snowy,High,Evening,Bike,24,0.0,66,20.25,13.5,18.0,5.217391304347826
292,1.23,Clear,Low,Evening,Bike,18,6.0,21,1.5129,1.23,1.23,13.533834586466165
132,4.83,Clear,Low,Evening,Bike,11,1.0,29,23.3289,4.83,4.83,2.231237322515213
301,1.51,Clear,High,Afternoon,Bike,14,2.0,32,2.2801,4.53,1.51,8.695652173913043
425,1.62,Windy,Low,Evening,Bike,9,8.0,16,2.6244000000000005,1.62,3.24,5.232558139534883
327,11.31,Clear,High,Evening,Bike,20,0.0,67,127.91610000000001,33.93,11.31,1.7528483786152498
145,6.05,Clear,Medium,Morning,Car,24,0.0,48,36.6025,12.1,6.05,3.9024390243902443
424,10.14,Clear,Medium,Morning,Scooter,20,1.0,59,102.81960000000001,20.28,10.14,1.953125
581,9.45,Clear,Low,Afternoon,Car,13,0.0,49,89.30249999999998,9.45,9.45,1.361256544502618
136,6.8,Clear,High,Evening,Bike,28,5.0,55,46.239999999999995,20.4,6.8,4.057971014492754
451,15.65,Clear,Low,Afternoon,Bike,27,0.0,76,244.9225,15.65,15.65,1.7142857142857142
165,2.26,Clear,Medium,Morning,Scooter,6,3.0,19,5.107599999999999,4.52,2.26,2.5423728813559325
29,12.05,Clear,Low,Evening,Scooter,29,4.0,61,145.20250000000001,12.05,12.05,2.3868312757201644
774,8.25,Windy,Medium,Evening,Car,24,4.0,62,68.0625,16.5,16.5,2.874251497005988
194,12.85,Rainy,Medium,Afternoon,Scooter,23,0.0,80,165.1225,25.7,38.55,1.776061776061776
389,15.14,Windy,Medium,Morning,Bike,15,4.0,71,229.2196,30.28,30.28,0.984251968503937
853,4.59,Foggy,Low,Evening,Scooter,19,8.0,36,21.068099999999998,4.59,9.18,4.051172707889126
170,12.02,Clear,Low,Afternoon,Bike,26,0.0,63,144.4804,12.02,12.02,2.145214521452145
706,19.8,Clear,High,Evening,Bike,7,3.0,88,392.04,59.400000000000006,19.8,0.3517587939698492
141,19.27,Foggy,High,Afternoon,Bike,14,6.0,92,371.3329,57.81,38.54,0.7227671657201858
174,4.92,Clear,High,Morning,Scooter,12,0.0,41,24.2064,14.76,4.92,2.3904382470119523
7,1.63,Rainy,Medium,Night,Bike,24,5.0,38,2.6569,3.26,4.89,13.872832369942197
746,18.04,Clear,Medium,Morning,Bike,8,5.0,71,325.4416,36.08,18.04,0.4410143329658214
74,16.4,Clear,High,Morning,Scooter,12,2.0,70,268.96,49.199999999999996,16.4,0.7272727272727273
911,12.01,Clear,Low,Morning,Car,5,7.0,42,144.24009999999998,12.01,12.01,0.4128819157720892
146,1.22,Foggy,High,Afternoon,Scooter,14,2.0,38,1.4884,3.66,2.44,10.606060606060606
793,10.36,Rainy,Medium,Afternoon,Bike,7,8.0,39,107.32959999999999,20.72,31.08,0.6692160611854685
235,4.31,Rainy,Medium,Afternoon,Bike,9,2.0,35,18.576099999999997,8.62,12.93,2.0408163265306127
221,13.32,Windy,Medium,Afternoon,Bike,26,0.0,71,177.4224,26.64,26.64,1.9374068554396424
924,16.1,Clear,Low,Morning,Car,16,6.0,61,259.21000000000004,16.1,16.1,0.9876543209876542
501,14.11,Rainy,High,Morning,Scooter,24,3.0,93,199.0921,42.33,42.33,1.688951442646024
133,2.84,Clear,Medium,Night,Scooter,28,1.0,44,8.0656,5.68,2.84,9.523809523809524
991,16.09,Snowy,Low,Morning,Car,13,6.0,69,258.8881,16.09,64.36,0.8029647930821494
775,16.05,Snowy,Medium,Evening,Bike,11,2.0,89,257.6025,32.1,64.2,0.6811145510835912
186,13.37,Windy,High,Afternoon,Scooter,17,8.0,63,178.75689999999997,40.11,26.74,1.2620638455827766
42,10.16,Snowy,Medium,Night,Bike,10,1.0,67,103.2256,20.32,40.64,0.9746588693957116
697,6.13,Clear,Medium,Night,Scooter,22,0.0,48,37.5769,12.26,6.13,3.531300160513644
109,4.96,Rainy,Low,Afternoon,Car,10,7.0,28,24.6016,4.96,14.879999999999999,1.9762845849802373
589,3.0,Clear,Low,Morning,Scooter,29,1.0,43,9.0,3.0,3.0,9.35483870967742
57,2.23,Snowy,Medium,Evening,Car,14,0.0,41,4.9729,4.46,8.92,6.008583690987124
443,7.8,Rainy,Medium,Morning,Bike,11,7.0,49,60.839999999999996,15.6,23.4,1.3924050632911393
758,10.9,Clear,High,Afternoon,Scooter,6,8.0,47,118.81,32.7,10.9,0.5454545454545454
998,3.17,Clear,Low,Afternoon,Bike,17,1.0,28,10.0489,3.17,3.17,5.198776758409786
25,9.39,Windy,Medium,Morning,Scooter,21,9.0,50,88.17210000000001,18.78,18.78,2.212855637513172
468,17.44,Clear,Low,Evening,Bike,25,9.0,89,304.15360000000004,17.44,17.44,1.4253135689851766
540,3.02,Rainy,Medium,Morning,Bike,23,1.0,46,9.1204,6.04,9.06,7.371794871794871
532,19.99,Rainy,High,Evening,Bike,17,1.0,112,399.60009999999994,59.97,59.97,0.8461921353907417
619,16.22,Rainy,High,Evening,Bike,22,0.0,102,263.0884,48.66,48.66,1.3480392156862744
695,2.74,Clear,High,Afternoon,Bike,18,9.0,37,7.507600000000001,8.22,2.74,6.338028169014084
927,5.74,Rainy,High,Evening,Bike,13,9.0,46,32.9476,17.22,17.22,2.226027397260274
339,9.75,Clear,Low,Afternoon,Bike,22,7.0,50,95.0625,9.75,9.75,2.233502538071066
52,15.62,Rainy,Medium,Afternoon,Scooter,23,7.0,78,243.98439999999997,31.24,46.86,1.4631043256997456
508,16.54,Rainy,Medium,Afternoon,Bike,25,7.0,77,273.5716,33.08,49.62,1.502403846153846
517,7.84,Rainy,Low,Morning,Scooter,7,8.0,36,61.465599999999995,7.84,23.52,0.8816120906801008
782,11.08,Windy,High,Afternoon,Bike,16,6.0,70,122.7664,33.24,22.16,1.4311270125223614
265,17.61,Clear,Medium,Evening,Scooter,21,9.0,79,310.1121,35.22,17.61,1.1857707509881423
818,8.28,Snowy,Low,Evening,Car,29,7.0,58,68.55839999999999,8.28,33.12,3.4606205250596664
711,15.32,Clear,Medium,Morning,Bike,17,6.0,80,234.7024,30.64,15.32,1.1024643320363166
683,3.83,Rainy,Low,Evening,Car,27,3.0,49,14.6689,3.83,11.49,6.870229007633587
519,19.75,Clear,Medium,Morning,Bike,25,1.0,103,390.0625,39.5,19.75,1.2594458438287153
448,15.19,Foggy,Low,Evening,Scooter,6,4.0,53,230.7361,15.19,30.38,0.3924133420536298
716,18.63,Windy,Low,Afternoon,Bike,11,5.0,85,347.07689999999997,18.63,37.26,0.587293112653497
484,12.74,Clear,Low,Night,Scooter,18,0.0,67,162.3076,12.74,12.74,1.4018691588785046
569,18.13,Rainy,High,Evening,Bike,21,2.0,88,328.69689999999997,54.39,54.39,1.151947339550192
434,2.47,Rainy,Low,Afternoon,Car,22,6.0,34,6.100900000000001,2.47,7.41,8.560311284046692
368,18.15,Windy,Medium,Morning,Bike,11,2.0,89,329.42249999999996,36.3,36.3,0.6027397260273972
84,1.74,Foggy,High,Afternoon,Scooter,8,9.0,28,3.0276,5.22,3.48,4.3478260869565215
62,5.79,Windy,Medium,Morning,Bike,26,6.0,49,33.5241,11.58,11.58,4.4142614601018675
639,5.75,Windy,High,Morning,Scooter,7,4.0,37,33.0625,17.25,11.5,1.1965811965811965
273,17.41,Snowy,Medium,Evening,Bike,20,4.0,80,303.1081,34.82,69.64,1.1422044545973729
286,1.2,Rainy,Low,Morning,Scooter,24,7.0,33,1.44,1.2,3.5999999999999996,18.46153846153846
361,8.07,Windy,Low,Evening,Bike,21,4.0,48,65.12490000000001,8.07,16.14,2.570379436964504
355,1.88,Clear,Medium,Morning,Scooter,24,7.0,35,3.5343999999999998,3.76,1.88,12.121212121212121
457,0.72,Rainy,Medium,Afternoon,Scooter,9,2.0,23,0.5184,1.44,2.16,10.975609756097562
279,14.19,Clear,Medium,Afternoon,Bike,9,1.0,57,201.3561,28.38,14.19,0.6298110566829951
13,16.73,Windy,High,Afternoon,Scooter,9,7.0,71,279.8929,50.19,33.46,0.53475935828877
183,18.53,Rainy,Low,Afternoon,Scooter,8,8.0,57,343.3609,18.53,55.59,0.4294149221685453
369,4.32,Clear,Low,Morning,Bike,21,9.0,34,18.6624,4.32,4.32,4.751131221719457
882,13.6,Foggy,High,Evening,Bike,9,7.0,61,184.95999999999998,40.8,27.2,0.6569343065693432
616,18.46,Rainy,Low,Morning,Bike,19,9.0,94,340.77160000000003,18.46,55.38,1.023706896551724
224,7.67,Windy,Low,Morning,Car,9,2.0,31,58.8289,7.67,15.34,1.1583011583011584
573,8.23,Snowy,Low,Evening,Bike,17,3.0,56,67.7329,8.23,32.92,2.0408163265306123
971,13.44,Clear,Low,Night,Bike,29,0.0,63,180.63359999999997,13.44,13.44,2.1418020679468244
654,15.04,Clear,Low,Morning,Car,24,5.0,60,226.20159999999998,15.04,15.04,1.585204755614267
546,7.48,Clear,Medium,Morning,Car,21,4.0,52,55.95040000000001,14.96,7.48,2.7704485488126647
634,10.88,Snowy,Low,Afternoon,Car,13,3.0,52,118.37440000000002,10.88,43.52,1.1839708561020037
177,13.97,Snowy,Low,Evening,Scooter,14,8.0,52,195.16090000000003,13.97,55.88,0.9950248756218906
666,3.48,Foggy,Low,Afternoon,Scooter,9,1.0,31,12.1104,3.48,6.96,2.5139664804469275
674,10.73,Foggy,Low,Morning,Bike,6,6.0,35,115.1329,10.73,21.46,0.554016620498615
586,5.18,Clear,Medium,Afternoon,Car,9,2.0,30,26.832399999999996,10.36,5.18,1.7045454545454548
874,8.47,Foggy,Medium,Evening,Bike,24,0.0,68,71.74090000000001,16.94,16.94,2.8004667444574096
249,19.29,Windy,Medium,Evening,Scooter,7,8.0,84,372.10409999999996,38.58,38.58,0.3610108303249097
886,3.98,Clear,High,Night,Car,19,3.0,41,15.8404,11.94,3.98,4.6568627450980395
670,6.06,Foggy,Low,Afternoon,Scooter,10,8.0,41,36.7236,6.06,12.12,1.6233766233766236
376,6.72,Foggy,Low,Evening,Bike,8,5.0,31,45.15839999999999,6.72,13.44,1.1730205278592376
413,19.04,Clear,Medium,Morning,Scooter,27,2.0,85,362.5216,38.08,19.04,1.4106583072100314
75,14.28,Windy,High,Afternoon,Scooter,23,5.0,77,203.9184,42.839999999999996,28.56,1.5994436717663423
114,16.26,Rainy,High,Morning,Bike,16,6.0,70,264.3876000000001,48.78,48.78,0.9779951100244497
599,4.25,Clear,Low,Afternoon,Bike,5,4.0,22,18.0625,4.25,4.25,1.149425287356322
962,12.26,Clear,Low,Afternoon,Bike,20,2.0,66,150.3076,12.26,12.26,1.6181229773462784
391,19.81,Clear,Low,Afternoon,Bike,27,1.0,74,392.43609999999995,19.81,19.81,1.3561024610748367
105,18.2,Windy,Medium,Morning,Bike,27,1.0,108,331.23999999999995,36.4,36.4,1.4754098360655736
115,12.85,Rainy,Medium,Morning,Scooter,14,8.0,73,165.1225,25.7,38.55,1.0810810810810811
418,6.91,Clear,Low,Evening,Bike,27,8.0,91,47.7481,6.91,6.91,3.8516405135520686
526,9.64,Clear,Low,Morning,Bike,10,5.0,46,92.92960000000001,9.64,9.64,1.0266940451745379
458,9.64,Rainy,Medium,Evening,Bike,14,6.0,52,92.92960000000001,19.28,28.92,1.4373716632443532
410,2.28,Foggy,Medium,Morning,Scooter,27,6.0,44,5.1983999999999995,4.56,4.56,11.344537815126051
93,15.34,Rainy,Low,Afternoon,Bike,18,6.0,54,235.3156,15.34,46.019999999999996,1.1658031088082903
931,3.22,Rainy,Medium,Night,Bike,14,8.0,34,10.368400000000001,6.44,9.66,4.216867469879518
90,9.71,Clear,Low,Morning,Bike,8,1.0,49,94.28410000000002,9.71,9.71,0.8154943934760448
337,17.18,Clear,Medium,Night,Scooter,13,1.0,62,295.1524,34.36,17.18,0.7523148148148148
989,5.3,Clear,Medium,Afternoon,Scooter,29,3.0,47,28.09,10.6,5.3,5.370370370370371
922,10.0,Clear,Medium,Afternoon,Scooter,6,9.0,47,100.0,20.0,10.0,0.594059405940594
934,10.75,Rainy,Medium,Morning,Bike,8,6.0,60,115.5625,21.5,32.25,0.7373271889400922
606,9.49,Rainy,Medium,Morning,Car,23,6.0,53,90.0601,18.98,28.47,2.3983315954118876
594,7.24,Clear,Medium,Afternoon,Bike,28,7.0,57,52.4176,14.48,7.24,3.8147138964577656
612,16.09,Rainy,Low,Morning,Bike,21,8.0,66,258.8881,16.09,48.269999999999996,1.2970969734403952
95,15.53,Clear,Low,Morning,Bike,26,6.0,83,241.18089999999998,15.53,15.53,1.6634676903390917
12,19.41,Windy,Low,Morning,Bike,11,8.0,62,376.7481,19.41,38.82,0.5638134290107637
397,17.24,Clear,Low,Evening,Bike,17,5.0,69,297.21759999999995,17.24,17.24,0.9803921568627451
44,18.23,Rainy,Low,Afternoon,Scooter,27,9.0,86,332.3329,18.23,54.69,1.4729950900163664
43,1.17,Clear,Medium,Morning,Bike,16,9.0,25,1.3688999999999998,2.34,1.17,12.598425196850393
330,5.33,Clear,Low,Evening,Car,29,1.0,51,28.4089,5.33,5.33,5.3406998158379375
168,4.14,Rainy,Low,Morning,Bike,23,2.0,41,17.139599999999998,4.14,12.419999999999998,5.424528301886793
498,2.02,Clear,High,Evening,Bike,28,5.0,44,4.0804,6.0600000000000005,2.02,13.20754716981132
877,14.46,Rainy,Medium,Morning,Scooter,11,9.0,68,209.09160000000003,28.92,43.38,0.7554945054945055
598,3.86,Clear,Medium,Afternoon,Bike,21,8.0,34,14.8996,7.72,3.86,5.303030303030303
757,12.59,Windy,Medium,Morning,Bike,13,9.0,62,158.50809999999998,25.18,25.18,1.0244286840031522
101,1.11,Clear,High,Morning,Scooter,22,8.0,35,1.2321000000000002,3.33,1.11,18.18181818181818
427,9.11,Clear,Low,Afternoon,Bike,19,6.0,42,82.9921,9.11,9.11,2.0629750271444083
179,18.77,Snowy,Medium,Evening,Bike,24,0.0,115,352.31289999999996,37.54,75.08,1.2718600953895072
445,16.35,Foggy,Medium,Night,Bike,16,6.0,67,267.32250000000005,32.7,32.7,0.9726443768996959
417,6.22,Clear,Low,Afternoon,Bike,16,9.0,29,38.688399999999994,6.22,6.22,2.5316455696202533
871,7.78,Foggy,High,Afternoon,Bike,25,3.0,74,60.528400000000005,23.34,15.56,3.1725888324873095
883,0.88,Rainy,Low,Night,Car,27,2.0,37,0.7744,0.88,2.64,27.551020408163264
681,16.43,Clear,Low,Evening,Bike,13,5.0,56,269.9449,16.43,16.43,0.7864488808227464
178,8.04,Clear,Medium,Evening,Car,27,0.0,65,64.64159999999998,16.08,8.04,3.3169533169533176
396,18.65,Foggy,Low,Night,Car,19,2.0,68,347.82249999999993,18.65,37.3,1.0133333333333334
912,5.73,Foggy,Low,Morning,Scooter,7,2.0,30,32.8329,5.73,11.46,1.2006861063464838
794,12.42,Rainy,Low,Evening,Bike,28,9.0,79,154.25639999999999,12.42,37.26,2.236421725239617
961,2.11,Clear,Low,Afternoon,Scooter,28,5.0,34,4.4521,2.11,2.11,12.669683257918551
685,18.62,Clear,Low,Evening,Scooter,27,6.0,75,346.7044,18.62,18.62,1.442307692307692
384,17.61,Clear,Medium,Morning,Scooter,19,3.0,80,310.1121,35.22,17.61,1.0728402032749857
957,10.62,Rainy,Medium,Night,Bike,7,2.0,48,112.78439999999998,21.24,31.86,0.6529850746268657
258,14.07,Clear,Medium,Morning,Bike,16,9.0,73,197.9649,28.14,14.07,1.1291460832745237
539,9.29,Clear,Medium,Evening,Bike,10,9.0,40,86.30409999999999,18.58,9.29,1.0649627263045796
336,1.29,Rainy,Low,Evening,Bike,7,7.0,15,1.6641000000000001,1.29,3.87,5.0359712230215825
16,4.08,Windy,Medium,Afternoon,Bike,7,0.0,33,16.6464,8.16,8.16,1.674641148325359
325,19.12,Windy,High,Evening,Car,8,0.0,92,365.5744,57.36,38.24,0.4162330905306971
759,17.93,Clear,Medium,Afternoon,Bike,29,4.0,85,321.4849,35.86,17.93,1.6084303937881308
180,3.18,Rainy,Medium,Evening,Bike,21,3.0,42,10.112400000000001,6.36,9.540000000000001,6.402439024390244
984,1.97,Clear,High,Morning,Car,28,7.0,43,3.8809,5.91,1.97,13.52657004830918
23,6.2,Windy,High,Evening,Scooter,7,3.0,42,38.440000000000005,18.6,12.4,1.1111111111111112
357,1.02,Windy,High,Evening,Bike,6,8.0,21,1.0404,3.06,2.04,5.357142857142857
667,5.3,Clear,Low,Evening,Bike,16,5.0,32,28.09,5.3,5.3,2.9629629629629632
862,9.34,Rainy,Low,Evening,Car,10,0.0,40,87.23559999999999,9.34,28.02,1.0593220338983051
341,10.09,Clear,Medium,Evening,Bike,7,0.0,49,101.8081,20.18,10.09,0.6869479882237488
432,15.35,Rainy,High,Night,Scooter,23,9.0,80,235.6225,46.05,46.05,1.4886731391585761
552,17.12,Rainy,Low,Morning,Bike,26,3.0,86,293.0944,17.12,51.36,1.5098722415795585
834,3.94,Snowy,Low,Afternoon,Bike,19,3.0,43,15.5236,3.94,15.76,4.702970297029703
631,14.41,Snowy,Medium,Evening,Bike,8,8.0,75,207.6481,28.82,57.64,0.5513439007580979
94,11.44,Rainy,Medium,Evening,Car,20,2.0,57,130.87359999999998,22.88,34.32,1.733102253032929
559,15.23,Foggy,Low,Morning,Car,6,0.0,52,231.9529,15.23,30.46,0.3913894324853229
69,1.95,Clear,Low,Morning,Scooter,16,2.0,23,3.8024999999999998,1.95,1.95,7.8048780487804885
285,11.78,Clear,Low,Afternoon,Scooter,26,3.0,71,138.76839999999999,11.78,11.78,2.1885521885521886
845,3.4,Windy,Medium,Morning,Bike,11,6.0,30,11.559999999999999,6.8,6.8,3.142857142857143
435,2.14,Clear,High,Evening,Bike,18,3.0,34,4.5796,6.42,2.14,8.035714285714285
154,10.04,Rainy,High,Afternoon,Bike,12,9.0,59,100.80159999999998,30.119999999999997,30.119999999999997,1.183431952662722
731,3.7,Clear,Medium,Morning,Bike,28,7.0,45,13.690000000000001,7.4,3.7,7.368421052631579
447,19.73,Rainy,Low,Evening,Bike,8,8.0,64,389.2729,19.73,59.19,0.4034291477559253
189,10.83,Clear,Medium,Evening,Scooter,8,9.0,51,117.2889,21.66,10.83,0.7319304666056725
272,16.3,Foggy,Low,Morning,Car,12,1.0,100,265.69,16.3,32.6,0.7317073170731706
237,5.98,Foggy,High,Morning,Bike,14,6.0,44,35.760400000000004,17.94,11.96,2.3026315789473686
488,5.98,Rainy,High,Morning,Bike,21,2.0,60,35.760400000000004,17.94,17.94,3.4539473684210527
118,4.14,Foggy,Medium,Morning,Bike,21,0.0,46,17.139599999999998,8.28,8.28,4.952830188679246
513,18.69,Windy,Medium,Night,Bike,23,9.0,74,349.31610000000006,37.38,37.38,1.2240553485896752
826,18.44,Rainy,High,Morning,Bike,27,7.0,80,340.03360000000004,55.32000000000001,55.32000000000001,1.4563106796116503
592,13.0,Windy,High,Morning,Bike,22,8.0,65,169.0,39.0,26.0,1.6793893129770994
117,16.17,Clear,Medium,Evening,Car,10,2.0,116,261.4689000000001,32.34,16.17,0.6146281499692685
474,17.88,Clear,Medium,Evening,Bike,29,3.0,98,319.6944,35.76,17.88,1.6129032258064515
694,5.23,Clear,Medium,Morning,Scooter,19,4.0,37,27.352900000000005,10.46,5.23,3.5647279549718576
864,9.09,Rainy,Medium,Morning,Bike,6,7.0,43,82.6281,18.18,27.27,0.6528835690968444
913,12.67,Windy,Medium,Morning,Scooter,7,3.0,43,160.5289,25.34,25.34,0.548159749412686
370,1.85,Clear,Medium,Evening,Bike,10,1.0,24,3.4225000000000003,3.7,1.85,5.128205128205128
269,7.51,Rainy,Low,Evening,Car,27,6.0,50,56.400099999999995,7.51,22.53,3.5479632063074904
47,6.58,Clear,Low,Afternoon,Bike,13,1.0,34,43.2964,6.58,6.58,1.9461077844311379
350,12.7,Clear,Low,Morning,Scooter,22,2.0,57,161.29,12.7,12.7,1.7187500000000002
196,7.31,Foggy,Medium,Afternoon,Bike,26,2.0,65,53.436099999999996,14.62,14.62,3.5087719298245617
1000,9.2,Clear,High,Morning,Scooter,9,9.0,48,84.63999999999999,27.599999999999998,9.2,0.9677419354838711
835,10.22,Foggy,Low,Afternoon,Scooter,21,0.0,61,104.4484,10.22,20.44,2.0348837209302326
737,8.15,Clear,High,Evening,Scooter,12,9.0,43,66.4225,24.450000000000003,8.15,1.4545454545454546
264,10.61,Clear,Medium,Morning,Bike,17,0.0,59,112.57209999999999,21.22,10.61,1.5873015873015874
444,7.73,Clear,High,Night,Bike,29,5.0,58,59.752900000000004,23.19,7.73,3.7037037037037037
676,19.66,Clear,Low,Morning,Car,19,6.0,70,386.5156,19.66,19.66,0.9615384615384615
305,14.66,Snowy,High,Morning,Car,5,6.0,71,214.9156,43.980000000000004,58.64,0.33875338753387535
342,9.73,Clear,Low,Afternoon,Bike,29,6.0,60,94.67290000000001,9.73,9.73,2.950152594099695
967,14.52,Clear,Medium,Afternoon,Car,26,5.0,86,210.8304,29.04,14.52,1.7783857729138168
125,4.94,Rainy,High,Evening,Scooter,28,4.0,63,24.403600000000004,14.82,14.82,5.555555555555555
787,11.88,Rainy,High,Afternoon,Car,29,9.0,78,141.13440000000003,35.64,35.64,2.4207011686143574
51,19.41,Foggy,Medium,Morning,Car,7,6.0,66,376.7481,38.82,38.82,0.3587903639159405
928,11.06,Clear,High,Evening,Bike,6,9.0,53,122.32360000000001,33.18,11.06,0.5376344086021505
143,10.2,Rainy,Medium,Afternoon,Bike,18,9.0,56,104.03999999999999,20.4,30.599999999999998,1.7475728155339807
471,0.74,Rainy,Low,Morning,Car,13,4.0,21,0.5476,0.74,2.2199999999999998,15.476190476190476
400,15.21,Snowy,Medium,Afternoon,Bike,20,9.0,90,231.34410000000003,30.42,60.84,1.3063357282821684
626,7.69,Rainy,High,Morning,Scooter,16,3.0,58,59.136100000000006,23.07,23.07,2.053915275994865
321,11.21,Clear,High,Afternoon,Scooter,23,1.0,76,125.66410000000002,33.63,11.21,2.033598585322723
20,6.18,Clear,Medium,Evening,Bike,9,9.0,35,38.1924,12.36,6.18,1.4331210191082804
810,2.71,Clear,Medium,Morning,Car,6,5.0,19,7.3441,5.42,2.71,2.1352313167259784
791,3.49,Clear,Medium,Morning,Bike,17,2.0,38,12.180100000000001,6.98,3.49,4.735376044568245
809,9.29,Clear,Medium,Morning,Bike,17,2.0,49,86.30409999999999,18.58,9.29,1.8104366347177852
408,0.71,Foggy,Low,Night,Bike,29,1.0,41,0.5041,0.71,1.42,35.80246913580247
538,5.32,Rainy,Low,Afternoon,Scooter,27,2.0,48,28.302400000000002,5.32,15.96,4.9815498154981555
621,4.1,Clear,Medium,Evening,Car,18,3.0,38,16.81,8.2,4.1,4.2857142857142865
176,3.9,Rainy,High,Morning,Car,25,9.0,54,15.209999999999999,11.7,11.7,6.25
246,18.6,Rainy,Medium,Morning,Car,28,9.0,77,345.96000000000004,37.2,55.800000000000004,1.497326203208556
829,14.88,Snowy,Medium,Evening,Bike,10,0.0,64,221.41440000000003,29.76,59.52,0.6675567423230975
668,3.63,Windy,Medium,Morning,Car,22,9.0,39,13.1769,7.26,7.26,5.898123324396783
755,3.22,Windy,High,Morning,Car,7,7.0,27,10.368400000000001,9.66,6.44,2.108433734939759
859,11.51,Foggy,Low,Afternoon,Car,5,7.0,57,132.4801,11.51,23.02,0.4306632213608958
155,19.72,Rainy,Low,Afternoon,Bike,27,6.0,109,388.87839999999994,19.72,59.16,1.36226034308779
288,11.08,Clear,Low,Evening,Scooter,28,2.0,58,122.7664,11.08,11.08,2.5044722719141324
603,3.95,Clear,Medium,Morning,Car,28,5.0,47,15.602500000000001,7.9,3.95,6.913580246913581
570,7.29,Clear,High,Evening,Car,11,7.0,48,53.1441,21.87,7.29,1.4884979702300407
744,10.3,Clear,Low,Morning,Car,12,7.0,41,106.09000000000002,10.3,10.3,1.1538461538461537
18,10.73,Rainy,High,Afternoon,Car,27,6.0,83,115.1329,32.19,32.19,2.4930747922437675
128,17.28,Clear,Low,Morning,Car,28,3.0,72,298.5984,17.28,17.28,1.6110471806674336
323,13.37,Foggy,Medium,Evening,Scooter,16,9.0,71,178.75689999999997,26.74,26.74,1.1878247958426134
256,11.36,Clear,Medium,Morning,Scooter,8,2.0,52,129.0496,22.72,11.36,0.6980802792321118
658,7.58,Clear,High,Afternoon,Scooter,19,9.0,57,57.4564,22.740000000000002,7.58,2.4739583333333335
191,2.32,Clear,Low,Afternoon,Scooter,23,1.0,32,5.3824,2.32,2.32,9.50413223140496
116,17.49,Rainy,Low,Evening,Bike,27,9.0,97,305.90009999999995,17.49,52.47,1.534963047185901
181,7.15,Windy,Low,Morning,Bike,15,3.0,42,51.1225,7.15,14.3,2.0689655172413794
760,15.88,Rainy,Low,Evening,Car,17,1.0,68,252.17440000000002,15.88,47.64,1.0638297872340425
724,14.95,Clear,Medium,Morning,Bike,13,7.0,49,223.50249999999997,29.9,14.95,0.8637873754152825
686,11.36,Foggy,Low,Afternoon,Bike,6,4.0,47,129.0496,11.36,22.72,0.5235602094240838
980,12.14,Foggy,High,Afternoon,Bike,12,0.0,65,147.3796,36.42,24.28,0.9803921568627451
518,16.31,Foggy,Medium,Afternoon,Car,14,7.0,71,266.01609999999994,32.62,32.62,0.8531383302864107
985,14.7,Clear,Medium,Evening,Scooter,24,5.0,75,216.08999999999997,29.4,14.7,1.6216216216216217
46,13.42,Rainy,Medium,Evening,Bike,6,6.0,105,180.0964,26.84,40.26,0.4437869822485207
158,15.35,Foggy,Low,Morning,Car,5,3.0,56,235.6225,15.35,30.7,0.3236245954692557
852,15.12,Foggy,Low,Morning,Bike,14,1.0,58,228.6144,15.12,30.24,0.9198423127463864
172,0.82,Windy,Low,Morning,Car,18,9.0,23,0.6723999999999999,0.82,1.64,19.565217391304348
17,6.43,Clear,Low,Evening,Car,9,7.0,26,41.344899999999996,6.43,6.43,1.3782542113323126
512,8.66,Snowy,High,Morning,Bike,29,3.0,77,74.9956,25.98,34.64,3.310502283105023
49,11.16,Foggy,Medium,Afternoon,Car,21,4.0,77,124.54560000000001,22.32,22.32,1.8650088809946714
516,1.01,Clear,High,Night,Bike,17,7.0,29,1.0201,3.0300000000000002,1.01,15.315315315315313
953,3.92,Rainy,Medium,Night,Bike,20,9.0,41,15.366399999999999,7.84,11.76,4.975124378109453
481,12.77,Foggy,Low,Morning,Bike,22,8.0,71,163.07289999999998,12.77,25.54,1.7094017094017095
284,2.33,Clear,Low,Evening,Bike,9,2.0,18,5.4289000000000005,2.33,2.33,3.7037037037037033
719,2.92,Windy,High,Afternoon,Bike,24,4.0,48,8.526399999999999,8.76,5.84,7.947019867549669
878,13.35,Rainy,Low,Evening,Scooter,14,4.0,91,178.2225,13.35,40.05,1.0408921933085502
226,5.26,Rainy,Medium,Evening,Scooter,28,8.0,51,27.667599999999997,10.52,15.78,5.223880597014926
27,4.39,Foggy,Medium,Night,Bike,12,8.0,38,19.2721,8.78,8.78,2.67260579064588
955,8.67,Windy,High,Morning,Bike,20,4.0,55,75.1689,26.009999999999998,17.34,2.280501710376283
438,16.53,Snowy,Low,Afternoon,Scooter,24,9.0,99,273.2409,16.53,66.12,1.443174984966927
952,13.47,Clear,Medium,Evening,Bike,19,4.0,59,181.44090000000003,26.94,13.47,1.400147383935151
365,18.86,Snowy,Medium,Night,Bike,18,1.0,89,355.6996,37.72,75.44,0.9493670886075949
230,12.81,Clear,Low,Morning,Bike,12,2.0,51,164.0961,12.81,12.81,0.9295120061967467
38,2.4,Snowy,Low,Night,Scooter,27,5.0,42,5.76,2.4,9.6,10.8
966,7.44,Rainy,Medium,Evening,Bike,6,1.0,39,55.35360000000001,14.88,22.32,0.7957559681697612
375,1.89,Clear,Medium,Evening,Scooter,13,7.0,22,3.5721,3.78,1.89,6.532663316582915
470,19.28,Snowy,Medium,Morning,Car,21,3.0,101,371.71840000000003,38.56,77.12,1.0835913312693497
851,1.81,Clear,Medium,Afternoon,Car,23,3.0,34,3.2761,3.62,1.81,12.041884816753926
705,1.74,Clear,Medium,Night,Bike,23,2.0,34,3.0276,3.48,1.74,12.5
842,13.44,Clear,Medium,Morning,Car,22,1.0,79,180.63359999999997,26.88,13.44,1.6248153618906944
855,4.5,Windy,Low,Evening,Scooter,20,6.0,32,20.25,4.5,9.0,4.347826086956522
865,8.31,Windy,Medium,Morning,Bike,6,5.0,44,69.05610000000001,16.62,16.62,0.713436385255648
504,16.37,Clear,High,Morning,Bike,26,7.0,97,267.97690000000006,49.11,16.37,1.5786278081360046
970,9.78,Clear,Medium,Afternoon,Bike,18,3.0,58,95.64839999999998,19.56,9.78,1.8218623481781377
831,4.88,Windy,Medium,Afternoon,Scooter,26,7.0,48,23.8144,9.76,9.76,5.220883534136546
969,11.54,Clear,High,Afternoon,Car,10,0.0,56,133.17159999999998,34.62,11.54,0.859106529209622
909,5.56,Clear,Low,Afternoon,Scooter,19,5.0,31,30.913599999999995,5.56,5.56,3.356890459363958
802,3.47,Snowy,High,Night,Bike,24,9.0,53,12.0409,10.41,13.88,6.722689075630251
994,12.01,Clear,Low,Morning,Scooter,26,6.0,57,144.24009999999998,12.01,12.01,2.1469859620148637
756,15.98,Foggy,Low,Morning,Car,21,6.0,90,255.36040000000003,15.98,31.96,1.3059701492537312
112,3.64,Clear,Low,Morning,Scooter,16,3.0,26,13.249600000000001,3.64,3.64,4.27807486631016
227,19.47,Clear,Low,Morning,Bike,16,8.0,83,379.08089999999993,19.47,19.47,0.8175779253960143
689,15.51,Rainy,Medium,Morning,Scooter,10,8.0,81,240.5601,31.02,46.53,0.6406149903907752
104,10.42,Windy,Medium,Afternoon,Bike,28,3.0,72,108.57639999999999,20.84,20.84,2.661596958174905
422,15.9,Rainy,Low,Evening,Car,19,5.0,78,252.81,15.9,47.7,1.1875
420,15.17,Windy,Low,Morning,Bike,25,4.0,77,230.1289,15.17,30.34,1.6371971185330714
587,1.98,Rainy,Low,Afternoon,Bike,22,0.0,39,3.9204,1.98,5.9399999999999995,10.576923076923077
781,14.03,Clear,Low,Afternoon,Bike,17,2.0,65,196.84089999999998,14.03,14.03,1.2031139419674453
673,2.06,Foggy,Medium,Evening,Scooter,22,4.0,40,4.2436,4.12,4.12,10.185185185185185
120,11.02,Clear,High,Morning,Scooter,22,2.0,70,121.4404,33.06,11.02,1.9784172661870505
152,5.17,Foggy,Low,Morning,Bike,29,0.0,56,26.7289,5.17,10.34,5.502846299810247
404,16.62,Snowy,Low,Afternoon,Bike,26,8.0,94,276.22440000000006,16.62,66.48,1.5550239234449759
946,0.71,Rainy,Low,Morning,Car,25,8.0,31,0.5041,0.71,2.13,30.8641975308642
659,13.1,Clear,Low,Evening,Bike,28,2.0,72,171.60999999999999,13.1,13.1,2.121212121212121
844,19.24,Rainy,High,Afternoon,Bike,9,7.0,75,370.1775999999999,57.72,57.72,0.4653567735263702
763,5.35,Clear,Medium,Afternoon,Scooter,24,6.0,43,28.622499999999995,10.7,5.35,4.4036697247706424
9,12.22,Clear,Low,Evening,Scooter,15,0.0,56,149.32840000000002,12.22,12.22,1.2175324675324675
808,18.55,Clear,Low,Afternoon,Car,11,9.0,69,344.1025,18.55,18.55,0.5898123324396782
37,6.44,Clear,Low,Afternoon,Car,18,2.0,43,41.473600000000005,6.44,6.44,2.7522935779816513
453,8.77,Foggy,Medium,Evening,Car,14,7.0,49,76.9129,17.54,17.54,1.5783540022547915
652,10.97,Clear,Low,Afternoon,Scooter,27,3.0,51,120.34090000000002,10.97,10.97,2.4390243902439024
254,6.68,Clear,High,Morning,Scooter,10,5.0,44,44.6224,20.04,6.68,1.4749262536873158
304,12.93,Rainy,Low,Afternoon,Scooter,25,0.0,61,167.1849,12.93,38.79,1.9186492709132772
747,7.99,Clear,Medium,Evening,Bike,18,4.0,42,63.84010000000001,15.98,7.99,2.2249690976514214
572,15.78,Clear,High,Afternoon,Scooter,12,1.0,68,249.00839999999997,47.339999999999996,15.78,0.7556675062972292
624,9.95,Windy,High,Evening,Scooter,21,5.0,72,99.00249999999998,29.849999999999998,19.9,2.0895522388059704
733,13.47,Rainy,Low,Afternoon,Scooter,7,6.0,46,181.44090000000003,13.47,40.410000000000004,0.5158437730287398
892,17.19,Clear,Medium,Afternoon,Bike,11,8.0,76,295.49610000000007,34.38,17.19,0.636205899363794
263,3.23,Clear,High,Afternoon,Bike,17,9.0,33,10.4329,9.69,3.23,5.105105105105105
611,1.27,Foggy,High,Afternoon,Bike,25,9.0,46,1.6129,3.81,2.54,18.24817518248175
298,4.71,Clear,Low,Morning,Bike,20,6.0,31,22.1841,4.71,4.71,4.158004158004158
415,12.82,Rainy,Medium,Evening,Bike,28,9.0,72,164.35240000000002,25.64,38.46,2.1671826625387
789,9.51,Clear,High,Morning,Bike,26,9.0,63,90.4401,28.53,9.51,2.705515088449532
641,0.89,Rainy,Low,Morning,Car,9,0.0,20,0.7921,0.89,2.67,9.090909090909092
890,5.24,Windy,High,Afternoon,Scooter,26,8.0,51,27.457600000000003,15.72,10.48,4.868913857677903
551,10.64,Windy,Low,Evening,Car,11,9.0,36,113.20960000000001,10.64,21.28,1.0242085661080074
887,13.23,Clear,Medium,Night,Bike,20,8.0,70,175.0329,26.46,13.23,1.5003750937734432
489,19.03,Clear,Medium,Morning,Scooter,8,8.0,65,362.14090000000004,38.06,19.03,0.4181913225300574
148,10.3,Rainy,Low,Evening,Bike,29,0.0,73,106.09000000000002,10.3,30.900000000000002,2.7884615384615383
147,12.39,Snowy,Medium,Evening,Bike,14,8.0,56,153.5121,24.78,49.56,1.120896717373899
721,18.8,Clear,High,Afternoon,Bike,23,7.0,95,353.44000000000005,56.400000000000006,18.8,1.2169312169312168
932,16.78,Rainy,Medium,Morning,Bike,22,1.0,70,281.56840000000005,33.56,50.34,1.3033175355450235
740,7.85,Clear,Low,Afternoon,Scooter,7,9.0,34,61.622499999999995,7.85,7.85,0.8805031446540881
660,11.63,Clear,Medium,Night,Scooter,29,7.0,57,135.25690000000003,23.26,11.63,2.47229326513214
349,7.8,Windy,Medium,Afternoon,Car,17,6.0,44,60.839999999999996,15.6,15.6,2.1518987341772156
464,11.88,Rainy,Medium,Afternoon,Bike,5,1.0,63,141.13440000000003,23.76,35.64,0.41736227045075125
326,14.89,Clear,High,Evening,Car,22,9.0,88,221.71210000000002,44.67,14.89,1.467645096731154
854,18.01,Foggy,High,Night,Bike,14,2.0,71,324.36010000000005,54.03,36.02,0.7730535615681943
609,10.32,Clear,Medium,Night,Car,24,5.0,49,106.50240000000001,20.64,10.32,2.3032629558541267
144,6.37,Rainy,Low,Afternoon,Car,29,4.0,56,40.5769,6.37,19.11,4.482225656877898
959,3.74,Rainy,Low,Morning,Bike,19,6.0,36,13.987600000000002,3.74,11.22,4.947916666666666
198,17.99,Windy,High,Evening,Bike,5,1.0,73,323.64009999999996,53.97,35.98,0.2763957987838585
610,13.96,Rainy,Low,Night,Bike,5,1.0,42,194.88160000000002,13.96,41.88,0.35561877667140823
280,16.02,Clear,Low,Evening,Bike,20,7.0,61,256.6404,16.02,16.02,1.2406947890818858
401,2.51,Clear,Low,Morning,Bike,16,2.0,28,6.300099999999999,2.51,2.51,6.130268199233717
123,6.7,Foggy,High,Morning,Scooter,23,3.0,59,44.89,20.1,13.4,3.3823529411764706
184,17.61,Windy,Low,Morning,Bike,5,8.0,61,310.1121,17.61,35.22,0.282326369282891
203,3.65,Clear,Medium,Morning,Bike,29,9.0,46,13.3225,7.3,3.65,7.733333333333333
439,14.27,Clear,Medium,Night,Car,24,3.0,77,203.63289999999998,28.54,14.27,1.6701461377870566
247,8.85,Clear,Low,Afternoon,Bike,11,9.0,45,78.32249999999999,8.85,8.85,1.229050279329609
933,19.7,Rainy,Low,Evening,Car,16,6.0,66,388.09,19.7,59.099999999999994,0.8080808080808081
766,11.61,Clear,High,Morning,Car,19,1.0,67,134.79209999999998,34.83,11.61,1.622544833475662
907,16.44,Windy,High,Afternoon,Car,8,0.0,80,270.27360000000004,49.32000000000001,32.88,0.4836759371221281
836,8.67,Rainy,High,Afternoon,Bike,12,7.0,104,75.1689,26.009999999999998,26.009999999999998,1.3683010262257698
888,5.14,Clear,Medium,Evening,Scooter,23,7.0,43,26.419599999999996,10.28,5.14,4.389312977099237
638,5.23,Clear,Medium,Morning,Scooter,23,2.0,47,27.352900000000005,10.46,5.23,4.315196998123827
403,10.35,Clear,Medium,Night,Bike,7,9.0,48,107.12249999999999,20.7,10.35,0.6698564593301436
785,4.04,Rainy,High,Evening,Bike,14,6.0,39,16.3216,12.120000000000001,12.120000000000001,3.381642512077295
771,2.66,Clear,Low,Afternoon,Bike,16,8.0,21,7.0756000000000006,2.66,2.66,5.797101449275361
736,17.61,Foggy,Medium,Afternoon,Bike,9,5.0,74,310.1121,35.22,35.22,0.5081874647092038
914,8.48,Clear,High,Night,Bike,11,5.0,39,71.91040000000001,25.44,8.48,1.282051282051282
220,17.06,Clear,Low,Evening,Bike,9,9.0,66,291.04359999999997,17.06,17.06,0.5244755244755245
642,6.78,Foggy,Low,Night,Bike,18,6.0,42,45.9684,6.78,13.56,2.616279069767442
916,9.0,Snowy,Medium,Afternoon,Car,29,3.0,78,81.0,18.0,36.0,3.186813186813187
753,12.74,Clear,Low,Afternoon,Scooter,12,0.0,63,162.3076,12.74,12.74,0.9345794392523364
807,18.72,Rainy,Medium,Afternoon,Bike,17,0.0,89,350.43839999999994,37.44,56.16,0.9032943676939426
625,12.56,Clear,Low,Morning,Car,22,8.0,49,157.7536,12.56,12.56,1.7377567140600316
875,1.0,Snowy,Medium,Morning,Bike,28,0.0,51,1.0,2.0,4.0,25.454545454545453
761,3.46,Clear,Low,Morning,Bike,24,6.0,37,11.9716,3.46,3.46,6.741573033707865
387,6.0,Snowy,Low,Morning,Car,20,8.0,53,36.0,6.0,24.0,3.278688524590164
973,14.79,Clear,Medium,Morning,Scooter,12,9.0,64,218.74409999999997,29.58,14.79,0.8059100067159168
510,14.65,Snowy,High,Morning,Car,19,3.0,95,214.6225,43.95,58.6,1.2881355932203389
268,14.2,Clear,Medium,Afternoon,Bike,17,1.0,73,201.64,28.4,14.2,1.188811188811189
820,7.04,Clear,Low,Afternoon,Bike,11,8.0,38,49.5616,7.04,7.04,1.5406162464985995
497,11.88,Rainy,Medium,Evening,Bike,20,8.0,69,141.13440000000003,23.76,35.64,1.669449081803005
113,18.63,Clear,Low,Evening,Bike,26,8.0,75,347.07689999999997,18.63,18.63,1.388147357180993
692,8.8,Rainy,Medium,Afternoon,Bike,6,2.0,38,77.44000000000001,17.6,26.400000000000002,0.6741573033707865
233,11.75,Clear,High,Morning,Bike,9,2.0,55,138.0625,35.25,11.75,0.759493670886076
870,18.95,Snowy,Low,Morning,Car,27,0.0,92,359.10249999999996,18.95,75.8,1.4173228346456692
608,7.6,Foggy,Low,Morning,Bike,16,4.0,48,57.76,7.6,15.2,2.077922077922078
672,17.99,Foggy,Low,Morning,Car,11,2.0,84,323.64009999999996,17.99,35.98,0.6080707573244887
374,13.82,Clear,Medium,Evening,Bike,21,9.0,72,190.9924,27.64,13.82,1.5086206896551724
982,15.53,Foggy,Low,Evening,Bike,26,7.0,68,241.18089999999998,15.53,31.06,1.6634676903390917
843,3.97,Clear,High,Afternoon,Bike,19,8.0,40,15.760900000000001,11.91,3.97,4.668304668304668
234,10.1,Clear,High,Morning,Car,17,6.0,55,102.00999999999999,30.299999999999997,10.1,1.6666666666666667
786,18.21,Foggy,Low,Morning,Bike,5,1.0,70,331.6041,18.21,36.42,0.27307482250136533
677,2.68,Clear,Low,Morning,Bike,16,8.0,25,7.182400000000001,2.68,2.68,5.755395683453237
318,3.88,Snowy,Low,Morning,Bike,9,6.0,33,15.0544,3.88,15.52,2.2613065326633164
649,15.89,Snowy,Medium,Afternoon,Car,15,9.0,91,252.49210000000002,31.78,63.56,0.9380863039399625
411,6.73,Clear,Medium,Afternoon,Bike,21,1.0,54,45.2929,13.46,6.73,3.0746705710102487
899,0.75,Clear,Medium,Afternoon,Bike,10,5.0,16,0.5625,1.5,0.75,11.764705882352942
710,13.79,Rainy,Low,Night,Scooter,11,0.0,69,190.1641,13.79,41.37,0.7919366450683946
359,18.83,Clear,Medium,Evening,Scooter,5,8.0,69,354.5688999999999,37.66,18.83,0.26413100898045433
259,11.62,Clear,Low,Afternoon,Bike,9,8.0,33,135.02439999999999,11.62,11.62,0.7679180887372015
628,15.08,Rainy,Medium,Evening,Scooter,26,1.0,94,227.4064,30.16,45.24,1.7127799736495388
633,10.48,Rainy,Low,Afternoon,Car,10,7.0,45,109.83040000000001,10.48,31.44,0.945179584120983
283,7.82,Rainy,Medium,Evening,Bike,16,8.0,45,61.15240000000001,15.64,23.46,2.0202020202020203
385,14.83,Rainy,Low,Morning,Car,19,4.0,126,219.9289,14.83,44.49,1.2726054922973877
225,5.67,Clear,Low,Morning,Scooter,11,9.0,27,32.1489,5.67,5.67,1.906412478336222
954,18.33,Snowy,Medium,Morning,Scooter,5,5.0,67,335.98889999999994,36.66,73.32,0.27129679869777534
473,1.34,Foggy,High,Evening,Bike,9,5.0,30,1.7956000000000003,4.0200000000000005,2.68,6.249999999999999
348,1.38,Clear,Low,Morning,Scooter,13,9.0,17,1.9043999999999996,1.38,1.38,8.783783783783784
640,7.86,Windy,Medium,Morning,Car,22,2.0,55,61.7796,15.72,15.72,2.763819095477387
988,8.98,Clear,Medium,Afternoon,Scooter,22,8.0,105,80.64040000000001,17.96,8.98,2.4229074889867843
929,12.85,Rainy,Medium,Evening,Scooter,6,7.0,61,165.1225,25.7,38.55,0.46332046332046334
906,17.91,Clear,Low,Afternoon,Bike,6,7.0,68,320.7681,17.91,17.91,0.3331482509716824
620,15.09,Snowy,Low,Morning,Car,20,7.0,68,227.7081,15.09,60.36,1.316655694535879
856,4.22,Clear,Medium,Morning,Bike,16,7.0,35,17.8084,8.44,4.22,3.703703703703704
804,12.33,Clear,High,Night,Bike,7,2.0,101,152.0289,36.99,12.33,0.5631536604987932
646,17.87,Snowy,Low,Morning,Scooter,29,4.0,87,319.3369,17.87,71.48,1.6138007790762379
847,2.16,Clear,Medium,Night,Car,10,1.0,23,4.6656,4.32,2.16,4.424778761061947
557,3.11,Rainy,Medium,Morning,Scooter,21,1.0,43,9.672099999999999,6.22,9.33,6.542056074766355
958,1.42,Clear,High,Afternoon,Scooter,24,2.0,40,2.0164,4.26,1.42,15.789473684210526
578,18.57,Rainy,Medium,Afternoon,Bike,16,7.0,89,344.8449,37.14,55.71,0.8569898232458488
796,17.51,Clear,Medium,Evening,Bike,15,3.0,60,306.60010000000005,35.02,17.51,0.8517887563884156
86,6.84,Clear,Medium,Evening,Bike,25,1.0,51,46.785599999999995,13.68,6.84,3.602305475504323
699,3.51,Windy,Medium,Night,Bike,22,2.0,44,12.320099999999998,7.02,7.02,6.094182825484765
160,14.7,Clear,Medium,Morning,Scooter,6,2.0,58,216.08999999999997,29.4,14.7,0.40540540540540543
525,16.85,Clear,High,Morning,Car,17,4.0,71,283.92250000000007,50.550000000000004,16.85,1.0029498525073746
36,16.26,Rainy,Low,Morning,Car,27,5.0,66,264.3876000000001,16.26,48.78,1.650366748166259
541,19.1,Snowy,Medium,Morning,Bike,25,6.0,90,364.81000000000006,38.2,76.4,1.302083333333333
171,13.71,Rainy,Medium,Evening,Bike,22,9.0,64,187.96410000000003,27.42,41.13,1.5930485155684286
891,14.58,Clear,Low,Evening,Bike,23,0.0,70,212.5764,14.58,14.58,1.5667574931880108
858,9.71,Clear,Low,Afternoon,Car,27,5.0,61,94.28410000000002,9.71,9.71,2.7522935779816513
848,19.94,Clear,Low,Afternoon,Bike,26,6.0,83,397.60360000000003,19.94,19.94,1.2974051896207583
945,4.53,Snowy,Medium,Morning,Scooter,18,4.0,49,20.5209,9.06,18.12,3.8876889848812097
734,10.7,Clear,High,Afternoon,Car,8,4.0,57,114.48999999999998,32.099999999999994,10.7,0.7407407407407408
96,10.13,Clear,Medium,Evening,Bike,22,0.0,65,102.61690000000002,20.26,10.13,2.150537634408602
564,0.78,Clear,Low,Afternoon,Bike,11,0.0,18,0.6084,0.78,0.78,12.5
241,18.84,Foggy,Medium,Afternoon,Scooter,25,8.0,88,354.9456,37.68,37.68,1.3199577613516367
743,15.08,Snowy,Low,Evening,Bike,29,7.0,84,227.4064,15.08,60.32,1.9104084321475625
575,17.32,Clear,Low,Evening,Scooter,10,3.0,77,299.9824,17.32,17.32,0.574052812858783
691,6.81,Clear,Medium,Evening,Bike,23,2.0,47,46.376099999999994,13.62,6.81,3.328509406657019
461,2.79,Clear,High,Morning,Bike,23,7.0,38,7.7841000000000005,8.370000000000001,2.79,7.958477508650518
554,11.44,Foggy,High,Afternoon,Car,14,4.0,74,130.87359999999998,34.32,22.88,1.2131715771230505
889,2.44,Snowy,High,Evening,Bike,13,9.0,39,5.9536,7.32,9.76,5.118110236220472
207,2.48,Rainy,Low,Evening,Scooter,20,8.0,30,6.1504,2.48,7.4399999999999995,7.751937984496124
795,0.85,Clear,Medium,Morning,Bike,9,8.0,17,0.7224999999999999,1.7,0.85,9.473684210526317
398,8.87,Clear,Low,Evening,Bike,19,3.0,55,78.67689999999999,8.87,8.87,2.118171683389075
767,15.37,Snowy,Medium,Afternoon,Car,15,5.0,66,236.23689999999996,30.74,61.48,0.9696186166774403
849,10.29,Foggy,Medium,Evening,Scooter,25,4.0,67,105.88409999999999,20.58,20.58,2.4061597690086622
218,15.06,Rainy,Low,Morning,Bike,22,4.0,65,226.80360000000002,15.06,45.18,1.4511873350923483
769,7.17,Clear,Medium,Morning,Scooter,7,9.0,29,51.408899999999996,14.34,7.17,0.9628610729023385
643,4.62,Rainy,Medium,Afternoon,Car,8,3.0,33,21.3444,9.24,13.86,1.6949152542372883
930,5.53,Clear,Low,Morning,Car,10,8.0,27,30.580900000000003,5.53,5.53,1.7761989342806395
613,12.74,Rainy,Low,Afternoon,Bike,17,9.0,63,162.3076,12.74,38.22,1.32398753894081
739,9.06,Clear,High,Evening,Bike,26,3.0,61,82.0836,27.18,9.06,2.838427947598253
547,2.71,Foggy,Low,Morning,Bike,6,0.0,28,7.3441,2.71,5.42,2.1352313167259784
726,16.92,Clear,Low,Night,Bike,23,5.0,78,286.28640000000007,16.92,16.92,1.351351351351351
684,13.54,Foggy,Low,Morning,Bike,11,1.0,54,183.33159999999998,13.54,27.08,0.8064516129032259
99,1.0,Snowy,Medium,Morning,Bike,25,4.0,44,1.0,2.0,4.0,22.727272727272727
805,8.77,Clear,Medium,Morning,Car,12,2.0,42,76.9129,17.54,8.77,1.3528748590755357
728,16.01,Windy,Low,Morning,Car,28,0.0,84,256.3201,16.01,32.02,1.738050900062073
574,12.63,Foggy,Medium,Night,Scooter,8,8.0,49,159.51690000000002,25.26,25.26,0.6284367635506677
407,8.09,Foggy,Low,Evening,Car,22,2.0,56,65.4481,8.09,16.18,2.6862026862026864
503,6.54,Clear,Medium,Night,Bike,10,7.0,39,42.7716,13.08,6.54,1.5060240963855422
48,10.64,Clear,Medium,Afternoon,Scooter,14,5.0,45,113.20960000000001,21.28,10.64,1.303538175046555
33,1.77,Clear,Medium,Evening,Bike,14,9.0,22,3.1329000000000002,3.54,1.77,7.4866310160427805
780,13.0,Foggy,Low,Evening,Bike,25,7.0,77,169.0,13.0,26.0,1.9083969465648856
840,12.83,Clear,Low,Evening,Bike,5,8.0,50,164.6089,12.83,12.83,0.3866976024748647
201,13.02,Snowy,High,Afternoon,Car,6,9.0,65,169.5204,39.06,52.08,0.4573170731707317
135,18.89,Rainy,Medium,Morning,Scooter,22,1.0,74,356.8321,37.78,56.67,1.158504476040021
28,10.53,Foggy,High,Evening,Bike,25,8.0,72,110.88089999999998,31.589999999999996,21.06,2.351834430856068
881,5.01,Rainy,Low,Afternoon,Bike,10,5.0,31,25.100099999999998,5.01,15.03,1.9569471624266146
231,16.0,Foggy,Medium,Afternoon,Scooter,13,3.0,65,256.0,32.0,32.0,0.8074534161490683
490,17.86,Clear,Low,Afternoon,Scooter,16,8.0,83,318.9796,17.86,17.86,0.8908685968819599
773,2.99,Foggy,High,Afternoon,Bike,9,5.0,90,8.940100000000001,8.97,5.98,2.9126213592233006
379,16.38,Clear,Medium,Morning,Bike,6,2.0,51,268.3044,32.76,16.38,0.3640776699029126
289,6.09,Clear,Medium,Night,Bike,7,4.0,27,37.0881,12.18,6.09,1.1308562197092085
419,13.61,Clear,Low,Morning,Bike,26,0.0,66,185.23209999999997,13.61,13.61,1.8964259664478484
675,8.5,Snowy,High,Evening,Bike,14,7.0,56,72.25,25.5,34.0,1.627906976744186
392,8.55,Clear,Low,Evening,Scooter,28,8.0,46,73.1025,8.55,8.55,3.236994219653179
593,4.05,Clear,Medium,Afternoon,Scooter,21,5.0,39,16.4025,8.1,4.05,5.060240963855422
499,19.5,Clear,High,Morning,Bike,18,2.0,73,380.25,58.5,19.5,0.9183673469387754
63,16.66,Snowy,High,Afternoon,Scooter,29,7.0,95,277.5556,49.980000000000004,66.64,1.7303102625298328
472,19.41,Snowy,High,Evening,Car,21,3.0,100,376.7481,58.230000000000004,77.64,1.0763710917478215
648,13.74,Foggy,Medium,Afternoon,Bike,6,1.0,56,188.7876,27.48,27.48,0.43352601156069365
129,0.64,Clear,High,Night,Bike,10,3.0,24,0.4096,1.92,0.64,13.513513513513514
977,12.1,Clear,High,Afternoon,Bike,11,0.0,53,146.41,36.3,12.1,0.9016393442622951
521,12.09,Clear,Medium,Morning,Car,13,1.0,60,146.1681,24.18,12.09,1.066447908121411
839,11.82,Windy,Medium,Night,Bike,24,7.0,77,139.7124,23.64,23.64,2.0134228187919465
963,5.28,Foggy,Low,Morning,Bike,27,6.0,53,27.878400000000003,5.28,10.56,5.018587360594796
65,5.98,Clear,Low,Evening,Car,22,9.0,35,35.760400000000004,5.98,5.98,3.6184210526315788
813,2.93,Clear,Medium,Morning,Bike,24,8.0,94,8.584900000000001,5.86,2.93,7.92079207920792
15,4.05,Snowy,Medium,Evening,Scooter,19,2.0,50,16.4025,8.1,16.2,4.578313253012049
493,5.91,Clear,Medium,Evening,Scooter,29,4.0,57,34.9281,11.82,5.91,4.825291181364393
380,6.0,Rainy,Medium,Evening,Scooter,21,2.0,47,36.0,12.0,18.0,3.4426229508196724
188,11.33,Clear,Medium,Afternoon,Scooter,29,7.0,77,128.3689,22.66,11.33,2.537182852143482
764,15.01,Clear,Medium,Morning,Bike,15,6.0,64,225.3001,30.02,15.01,0.9927200529450695
217,6.85,Clear,High,Morning,Bike,16,5.0,48,46.92249999999999,20.549999999999997,6.85,2.3021582733812953
792,11.93,Snowy,High,Morning,Car,7,1.0,75,142.32489999999999,35.79,47.72,0.5818786367414797
53,18.82,Windy,Low,Morning,Car,5,3.0,77,354.1924,18.82,37.64,0.2642706131078224
879,1.03,Clear,Medium,Afternoon,Bike,19,4.0,29,1.0609,2.06,1.03,16.814159292035395
720,14.75,Clear,Low,Morning,Car,10,7.0,62,217.5625,14.75,14.75,0.6734006734006734
725,11.7,Rainy,Low,Afternoon,Bike,17,5.0,60,136.89,11.7,35.099999999999994,1.440677966101695
296,10.68,Clear,Low,Morning,Bike,14,1.0,42,114.0624,10.68,10.68,1.2987012987012987
702,1.51,Clear,High,Evening,Bike,26,1.0,44,2.2801,4.53,1.51,16.149068322981364
252,8.01,Clear,High,Morning,Bike,8,6.0,48,64.1601,24.03,8.01,0.9864364981504317
727,3.23,Rainy,Low,Morning,Car,25,7.0,42,10.4329,3.23,9.69,7.5075075075075075
462,13.16,Rainy,High,Morning,Scooter,25,8.0,68,173.1856,39.480000000000004,39.480000000000004,1.885369532428356
456,10.11,Windy,Low,Morning,Bike,11,4.0,44,102.21209999999999,10.11,20.22,1.0773751224289914
997,18.39,Windy,Low,Afternoon,Bike,24,6.0,74,338.19210000000004,18.39,36.78,1.2979989183342346
816,10.62,Windy,Medium,Afternoon,Car,22,5.0,54,112.78439999999998,21.24,21.24,2.0522388059701493
270,6.23,Clear,Medium,Evening,Car,20,1.0,51,38.812900000000006,12.46,6.23,3.1595576619273302
202,2.14,Clear,Low,Afternoon,Bike,25,1.0,36,4.5796,2.14,2.14,11.160714285714285
162,12.83,Clear,Medium,Morning,Bike,19,2.0,76,164.6089,25.66,12.83,1.4694508894044858
556,8.37,Clear,High,Evening,Scooter,13,7.0,42,70.05689999999998,25.11,8.37,1.5348288075560805
730,3.69,Rainy,Medium,Afternoon,Bike,8,8.0,27,13.6161,7.38,11.07,2.1108179419525066
402,18.1,Clear,Low,Morning,Scooter,8,5.0,77,327.61000000000007,18.1,18.1,0.4395604395604395
703,7.06,Clear,Low,Afternoon,Scooter,26,5.0,51,49.843599999999995,7.06,7.06,3.6312849162011176
477,1.94,Foggy,Low,Night,Bike,10,1.0,25,3.7636,1.94,3.88,4.901960784313726
822,0.59,Clear,Low,Afternoon,Bike,21,0.0,27,0.34809999999999997,0.59,0.59,30.434782608695656
772,17.01,Snowy,Low,Night,Bike,28,6.0,97,289.34010000000006,17.01,68.04,1.6364699006428987
106,5.36,Clear,Low,Afternoon,Scooter,11,4.0,30,28.729600000000005,5.36,5.36,2.0146520146520146
566,12.0,Clear,Low,Evening,Car,25,0.0,75,144.0,12.0,12.0,2.066115702479339
390,16.23,Clear,Medium,Evening,Bike,6,0.0,54,263.41290000000004,32.46,16.23,0.3674219228413962
2,19.04,Rainy,Low,Evening,Car,12,6.0,60,362.5216,19.04,57.12,0.6269592476489028
938,18.33,Foggy,Medium,Morning,Scooter,19,0.0,98,335.98889999999994,36.66,36.66,1.0309278350515465
983,2.58,Clear,Medium,Morning,Scooter,25,7.0,37,6.6564000000000005,5.16,2.58,9.328358208955223
562,4.65,Clear,Medium,Evening,Bike,21,1.0,46,21.622500000000002,9.3,4.65,4.421052631578948
81,17.33,Snowy,Low,Evening,Scooter,12,3.0,79,300.3288999999999,17.33,69.32,0.6884681583476764
206,0.68,Snowy,High,Evening,Bike,29,8.0,50,0.4624000000000001,2.04,2.72,37.179487179487175
35,19.33,Clear,Medium,Morning,Bike,7,8.0,73,373.6488999999999,38.66,19.33,0.3602676273803397
776,3.42,Clear,Medium,Night,Car,11,9.0,24,11.696399999999999,6.84,3.42,3.125
509,19.02,Rainy,High,Evening,Scooter,22,1.0,106,361.7604,57.06,57.06,1.1506276150627615
428,17.81,Windy,High,Evening,Bike,21,4.0,122,317.19609999999994,53.42999999999999,35.62,1.1725293132328307
455,2.67,Clear,Medium,Night,Car,17,6.0,28,7.1289,5.34,2.67,6.137184115523466
898,17.98,Clear,Low,Evening,Bike,5,8.0,45,323.28040000000004,17.98,17.98,0.27654867256637167
565,7.34,Foggy,Medium,Afternoon,Bike,22,5.0,93,53.8756,14.68,14.68,2.956989247311828
346,12.51,Clear,Medium,Evening,Bike,18,5.0,62,156.5001,25.02,12.51,1.4274385408406027
777,4.97,Rainy,Low,Evening,Bike,17,9.0,34,24.700899999999997,4.97,14.91,3.3530571992110456
242,19.1,Snowy,Low,Afternoon,Bike,18,1.0,101,364.81000000000006,19.1,76.4,0.9374999999999999
14,4.64,Clear,Low,Afternoon,Bike,15,9.0,24,21.5296,4.64,4.64,3.164556962025317
316,14.07,Rainy,Low,Evening,Bike,10,5.0,63,197.9649,14.07,42.21,0.7057163020465773
601,3.79,Clear,Medium,Morning,Bike,13,2.0,34,14.3641,7.58,3.79,3.3419023136246784
274,18.31,Clear,Medium,Afternoon,Bike,25,3.0,79,335.25609999999995,36.62,18.31,1.3579576317218902
167,6.76,Foggy,Medium,Night,Bike,7,6.0,42,45.697599999999994,13.52,13.52,1.0204081632653061
841,0.76,Clear,Low,Afternoon,Car,26,9.0,28,0.5776,0.76,0.76,30.232558139534884
993,5.81,Rainy,Medium,Evening,Bike,14,8.0,41,33.756099999999996,11.62,17.43,2.3688663282571913
647,12.08,Clear,High,Afternoon,Scooter,16,4.0,60,145.9264,36.24,12.08,1.3136288998357963
819,1.57,Rainy,Low,Evening,Car,16,1.0,30,2.4649,1.57,4.71,9.580838323353293
485,11.89,Clear,Medium,Afternoon,Bike,28,0.0,79,141.37210000000002,23.78,11.89,2.335279399499583
981,7.02,Clear,Medium,Evening,Car,23,2.0,53,49.28039999999999,14.04,7.02,3.2303370786516856
505,13.85,Clear,Low,Evening,Bike,29,5.0,71,191.8225,13.85,13.85,2.078853046594982
832,9.32,Rainy,Medium,Evening,Scooter,24,2.0,71,86.86240000000001,18.64,27.96,2.5477707006369426
244,7.72,Foggy,High,Evening,Bike,19,4.0,64,59.5984,23.16,15.44,2.429667519181586
567,8.15,Rainy,Low,Afternoon,Bike,26,2.0,50,66.4225,8.15,24.450000000000003,3.1515151515151514
876,3.54,Rainy,Medium,Afternoon,Scooter,17,4.0,41,12.531600000000001,7.08,10.620000000000001,4.670329670329671
687,11.65,Windy,Low,Night,Bike,10,3.0,53,135.7225,11.65,23.3,0.851063829787234
783,5.41,Clear,High,Morning,Scooter,17,6.0,38,29.2681,16.23,5.41,3.0852994555353903
700,9.88,Rainy,Medium,Morning,Car,7,0.0,43,97.61440000000002,19.76,29.64,0.7014028056112224
476,19.86,Rainy,High,Evening,Bike,12,8.0,71,394.4196,59.58,59.58,0.6012024048096192
682,5.53,Windy,High,Morning,Bike,23,4.0,59,30.580900000000003,16.59,11.06,4.085257548845471
511,12.46,Foggy,Low,Afternoon,Bike,10,1.0,62,155.25160000000002,12.46,24.92,0.7961783439490445
59,1.38,Clear,Medium,Morning,Car,6,3.0,17,1.9043999999999996,2.76,1.38,4.054054054054054
475,10.79,Clear,Medium,Evening,Scooter,24,1.0,65,116.42409999999998,21.58,10.79,2.203856749311295
561,14.23,Clear,Medium,Afternoon,Scooter,23,7.0,70,202.49290000000002,28.46,14.23,1.6050244242847174
857,1.21,Snowy,Low,Afternoon,Bike,22,1.0,39,1.4641,1.21,4.84,16.793893129770993
748,11.1,Clear,Low,Afternoon,Bike,18,7.0,56,123.21,11.1,11.1,1.6071428571428572
253,17.1,Clear,Medium,Evening,Bike,25,5.0,65,292.41,34.2,17.1,1.453488372093023
22,3.22,Clear,Medium,Afternoon,Bike,19,9.0,32,10.368400000000001,6.44,3.22,5.7228915662650595
314,19.27,Foggy,Medium,Morning,Car,29,9.0,85,371.3329,38.54,38.54,1.497160557563242
460,2.82,Rainy,Medium,Evening,Scooter,10,1.0,29,7.952399999999999,5.64,8.459999999999999,3.4246575342465753
161,7.67,Foggy,Medium,Afternoon,Scooter,22,8.0,59,58.8289,15.34,15.34,2.8314028314028317
277,16.07,Clear,Medium,Evening,Bike,16,5.0,64,258.24490000000003,32.14,16.07,0.989486703772418
956,7.97,Windy,Medium,Evening,Scooter,9,8.0,35,63.5209,15.94,15.94,1.1152416356877324
386,16.17,Clear,Medium,Evening,Scooter,12,2.0,78,261.4689000000001,32.34,16.17,0.7375537799631222
492,12.59,Clear,Low,Evening,Scooter,10,2.0,39,158.50809999999998,12.59,12.59,0.7880220646178093
770,16.51,Clear,Medium,Morning,Bike,7,1.0,79,272.5801000000001,33.02,16.51,0.4214328717639975
309,16.01,Clear,Low,Afternoon,Car,12,4.0,72,256.3201,16.01,16.01,0.7448789571694598
662,19.74,Rainy,High,Afternoon,Scooter,11,7.0,81,389.66759999999994,59.22,59.22,0.5544354838709677
131,8.64,Snowy,Low,Evening,Bike,29,4.0,62,74.6496,8.64,34.56,3.318077803203661
664,5.13,Clear,Medium,Morning,Car,16,1.0,38,26.3169,10.26,5.13,3.059273422562142
872,5.78,Clear,High,Morning,Bike,11,5.0,38,33.4084,17.34,5.78,1.870748299319728
100,2.6,Clear,Low,Afternoon,Bike,16,1.0,29,6.760000000000001,2.6,2.6,5.925925925925926
373,2.34,Foggy,Medium,Morning,Bike,8,2.0,28,5.475599999999999,4.68,4.68,3.278688524590164
88,12.93,Clear,Medium,Morning,Scooter,20,8.0,58,167.1849,25.86,12.93,1.5349194167306217
459,1.6,Clear,Medium,Evening,Bike,14,8.0,24,2.5600000000000005,3.2,1.6,8.235294117647058
122,17.97,Windy,Medium,Morning,Scooter,28,7.0,92,322.92089999999996,35.94,35.94,1.5495296070835638
615,17.53,Clear,Low,Afternoon,Bike,14,6.0,79,307.3009,17.53,17.53,0.7941009642654565
21,12.43,Rainy,High,Morning,Bike,13,6.0,70,154.5049,37.29,37.29,1.0375099760574622
701,10.89,Windy,Medium,Evening,Bike,7,0.0,58,118.59210000000002,21.78,21.78,0.6369426751592356
72,4.37,Clear,Medium,Evening,Scooter,6,7.0,25,19.0969,8.74,4.37,1.342281879194631
107,8.5,Clear,High,Evening,Car,13,3.0,54,72.25,25.5,8.5,1.5116279069767442
271,16.28,Rainy,Low,Morning,Scooter,8,9.0,71,265.0384,16.28,48.84,0.48840048840048833
861,15.62,Snowy,High,Evening,Scooter,26,2.0,81,243.98439999999997,46.86,62.48,1.6539440203562341
436,14.17,Clear,Low,Afternoon,Bike,8,0.0,55,200.78889999999998,14.17,14.17,0.5606166783461808
103,6.63,Foggy,Low,Night,Scooter,24,3.0,58,43.9569,6.63,13.26,3.5661218424962855
